IR_value,BPM,AvgBPM
130684,11.35,76
0,35.25,65
130226,35.25,65
130389,73.17,66
130601,73.17,66
130686,73.17,66
130653,18.38,66
0,63.76,61
129985,76.82,61
129630,76.82,61
0,20.39,58
262143,20.39,58
129126,41.61,50
0,47.58,46
129486,50.8,39
129759,50.8,39
0,74.91,49
129877,83.22,58
129894,78.84,65
0,176.47,105
129473,176.47,105
129022,176.47,105
0,14.69,105
129274,157.89,125
479,157.89,125
0,157.89,125
9350,157.89,125
10196,157.89,125
0,157.89,125
13187,157.89,125
14740,157.89,125
16526,157.89,125
17349,157.89,125
0,157.89,125
0,157.89,125
20219,157.89,125
20500,157.89,125
21410,157.89,125
0,157.89,125
23591,157.89,125
24050,157.89,125
0,157.89,125
0,157.89,125
25883,157.89,125
25952,157.89,125
26268,157.89,125
0,157.89,125
27024,157.89,125
27985,157.89,125
28193,157.89,125
0,157.89,125
72855,157.89,125
60037,157.89,125
73587,157.89,125
78052,157.89,125
0,157.89,125
69684,157.89,125
68660,157.89,125
70284,157.89,125
44004,157.89,125
74475,157.89,125
0,157.89,125
0,157.89,125
68455,157.89,125
60372,157.89,125
60158,157.89,125
60214,157.89,125
0,157.89,125
60446,157.89,125
56682,157.89,125
0,157.89,125
40188,157.89,125
39448,157.89,125
37442,157.89,125
37234,157.89,125
37171,157.89,125
37194,157.89,125
37404,157.89,125
37291,157.89,125
37376,157.89,125
37314,0.95,125
0,0.95,125
0,22.88,109
37625,36.99,74
37572,83.22,74
39616,83.22,74
49470,83.22,74
49022,83.22,74
57261,83.22,74
44963,83.22,74
45017,83.22,74
0,83.22,74
44925,7.04,74
44925,40.49,45
45056,61.16,55
44926,61.16,55
0,20.53,51
45030,142.52,65
0,81.08,76
45325,48.27,72
45001,51.72,80
48148,49.14,57
50063,85.59,58
40819,85.59,58
40857,21.57,51
40810,124.74,69
0,39.45,67
0,54.45,59
40972,49.14,66
41316,38.44,45
41456,52.54,48
41793,52.54,48
40988,52.54,48
41123,200.0,77
0,115.38,97
41164,93.75,114
40915,93.75,114
56493,39.42,73
40295,83.1,65
0,83.1,65
0,83.1,65
38676,83.1,65
38787,83.1,65
38747,9.73,65
45806,124.74,114
40249,124.74,114
40054,124.74,114
38978,24.17,99
38227,24.17,99
38671,24.17,99
39148,24.17,99
39517,24.17,99
39518,24.17,99
39610,9.61,99
39616,49.14,90
39615,49.14,90
39507,32.22,57
39579,78.84,45
40071,78.84,45
39540,28.28,46
39483,45.42,45
38827,49.96,50
35522,49.96,50
36791,49.96,50
11798,49.96,50
10585,49.96,50
10642,49.96,50
10630,49.96,50
10626,49.96,50
10630,49.96,50
10474,49.96,50
0,5.95,50
0,5.95,50
11121,5.95,50
11067,14.48,50
11569,100.0,76
10853,100.0,76
10769,100.0,76
10763,100.0,76
10761,100.0,76
10766,100.0,76
10757,100.0,76
10794,7.76,76
10798,7.76,76
10745,7.76,76
10778,7.76,76
10784,7.76,76
10861,7.76,76
0,10.23,76
0,54.5,78
10794,54.5,78
10794,54.5,78
10790,54.5,78
10802,54.5,78
10785,54.5,78
10774,54.5,78
10798,54.5,78
10793,54.5,78
10789,54.5,78
10779,54.5,78
10788,54.5,78
10783,54.5,78
10770,54.5,78
10783,54.5,78
10784,54.5,78
10777,54.5,78
10789,54.5,78
10779,54.5,78
10782,54.5,78
0,54.5,78
0,54.5,78
10803,54.5,78
10790,54.5,78
10802,54.5,78
10787,54.5,78
10789,54.5,78
10791,54.5,78
10784,54.5,78
10780,54.5,78
10778,54.5,78
0,54.5,78
0,54.5,78
10808,1.64,78
10801,1.64,78
10794,1.64,78
10791,1.64,78
0,1.64,78
10808,1.64,78
0,1.64,78
10814,7.57,78
10805,7.57,78
10804,7.57,78
10813,7.57,78
10804,7.57,78
10800,7.57,78
10820,7.57,78
10812,7.57,78
10810,7.57,78
10817,7.57,78
10820,7.57,78
10824,7.57,78
10809,7.57,78
10816,7.57,78
10816,7.57,78
10813,7.57,78
10803,7.57,78
10819,7.57,78
10817,7.57,78
10818,7.57,78
10812,7.57,78
10823,7.57,78
10821,7.57,78
10814,7.57,78
10821,7.57,78
10821,7.57,78
10822,7.57,78
10822,7.57,78
10829,7.57,78
10812,7.57,78
10819,7.57,78
10826,7.57,78
10824,7.57,78
10822,7.57,78
10815,7.57,78
10822,7.57,78
10821,7.57,78
10811,7.57,78
10815,7.57,78
10818,7.57,78
10824,7.57,78
10827,7.57,78
10824,7.57,78
10823,7.57,78
10814,7.57,78
10819,7.57,78
10806,7.57,78
10819,7.57,78
10821,7.57,78
10815,7.57,78
10817,7.57,78
10828,7.57,78
10821,7.57,78
10815,7.57,78
10823,7.57,78
10827,7.57,78
10829,7.57,78
10831,7.57,78
10825,7.57,78
10830,7.57,78
10824,0.92,78
10819,0.92,78
10809,0.92,78
10813,0.92,78
10806,0.92,78
10794,0.92,78
10806,0.92,78
10827,0.92,78
10297,0.92,78
10333,6.32,78
10348,6.32,78
10355,6.32,78
10349,6.32,78
10348,6.32,78
10351,6.32,78
10349,6.32,78
10347,6.32,78
10199,6.32,78
10198,5.88,78
10120,5.88,78
10120,27.25,72
10325,57.64,59
11298,57.64,59
11291,57.64,59
11301,18.17,59
11298,54.5,48
11287,54.5,48
11283,54.5,48
11285,54.5,48
11281,54.5,48
11274,54.5,48
11281,54.5,48
10677,54.5,48
10644,54.5,48
10651,6.18,48
10741,6.18,48
10677,6.18,48
10665,18.17,48
10655,18.17,48
10665,18.17,48
10657,18.17,48
10692,18.17,48
10697,18.17,48
10746,9.4,48
10674,9.4,48
10725,27.0,41
10665,27.0,41
10666,26.76,41
10670,26.76,41
10424,26.76,41
1718,26.76,41
21863,26.76,41
474,26.76,41
131071,26.76,41
129598,26.76,41
72005,26.76,41
1793,26.76,41
8795,26.76,41
130499,26.76,41
125232,26.76,41
125806,26.76,41
125862,3.81,41
125670,65.15,43
125701,130.43,77
79981,63.76,86
132165,63.76,86
132669,63.76,86
132202,63.76,86
133955,14.84,86
133437,14.84,86
262143,14.84,86
0,14.84,86
131071,14.84,86
126944,14.84,86
262143,8.32,86
262143,111.11,98
0,71.34,81
0,37.95,74
126595,73.08,65
126504,90.77,70
126625,125.0,92
126803,88.11,95
126824,88.11,95
126863,26.06,82
126677,73.08,66
0,83.33,65
126626,93.6,80
126349,76.82,80
0,119.76,90
0,119.76,90
1201,119.76,90
1194,19.09,90
1187,19.09,90
1168,19.09,90
0,19.09,90
0,12.18,90
1231,12.18,90
1216,12.18,90
1209,12.18,90
1208,12.18,90
0,12.18,90
0,12.18,90
1215,12.18,90
1205,12.18,90
1201,12.18,90
1190,12.18,90
0,12.18,90
1201,12.18,90
1205,12.18,90
1196,12.18,90
1190,12.18,90
0,12.18,90
0,12.18,90
1199,12.18,90
1200,12.18,90
1186,12.18,90
1189,12.18,90
1173,12.18,90
0,12.18,90
1197,12.18,90
1201,12.18,90
1198,12.18,90
1199,12.18,90
1183,12.18,90
0,12.18,90
0,12.18,90
1190,1.72,90
1249,1.72,90
1252,30.9,77
1252,30.9,77
1255,30.9,77
0,30.9,77
0,30.9,77
1304,30.9,77
1296,30.9,77
1289,30.9,77
0,30.9,77
1311,30.9,77
1298,30.9,77
1300,30.9,77
1286,30.9,77
0,30.9,77
1304,30.9,77
1298,30.9,77
1292,30.9,77
1288,30.9,77
1299,30.9,77
0,30.9,77
1311,30.9,77
1305,2.53,77
1301,2.53,77
1297,2.53,77
1299,2.53,77
1303,2.53,77
1293,2.53,77
1293,2.53,77
1285,2.53,77
0,2.53,77
0,2.53,77
0,2.53,77
1309,2.53,77
1305,2.53,77
1306,2.53,77
1311,2.53,77
1305,2.53,77
1314,2.53,77
1309,2.53,77
1301,2.53,77
1300,2.53,77
1295,2.53,77
1299,2.53,77
1298,2.53,77
1300,2.53,77
1307,2.53,77
1312,2.53,77
1310,2.53,77
1315,2.53,77
1304,2.53,77
1311,2.53,77
1317,2.53,77
1310,2.53,77
1312,2.53,77
1302,2.53,77
1300,2.53,77
1309,2.53,77
1299,2.53,77
1310,2.53,77
1310,2.53,77
1311,2.53,77
1299,2.53,77
1304,2.53,77
1311,2.53,77
1309,2.53,77
1310,2.53,77
1307,2.53,77
1309,2.53,77
1311,2.53,77
1307,2.53,77
1298,2.53,77
1309,2.53,77
1310,1.09,77
1307,1.09,77
1307,1.09,77
1310,1.09,77
1312,1.09,77
442,1.09,77
133068,9.25,77
135742,9.25,77
136343,22.04,64
135473,22.04,64
136534,37.93,52
262143,37.93,52
262143,37.93,52
140608,37.93,52
139591,37.93,52
262143,37.93,52
262143,37.93,52
262143,7.83,52
0,7.83,52
262143,27.49,29
262143,68.1,38
262143,37.95,42
262143,37.95,42
138796,37.95,42
262143,85.59,52
262143,124.74,74
262143,88.24,91
0,61.1,85
262143,63.76,72
262143,63.76,72
262143,63.76,72
0,20.52,55
262143,90.77,66
262143,93.75,91
262143,62.43,83
0,69.69,78
262143,74.91,69
262143,69.69,71
262143,80.97,74
0,74.91,71
262143,83.22,74
262143,74.91,75
0,81.08,77
262143,90.77,80
262143,76.82,81
138331,78.84,77
0,59.94,69
262143,66.59,67
262143,71.34,67
0,76.82,71
0,76.82,77
262143,69.69,77
262143,68.1,75
0,74.91,69
262143,68.1,69
262143,73.08,70
262143,76.82,72
0,44.09,66
130919,44.09,66
131470,44.09,66
0,44.09,66
0,44.09,66
132586,44.09,66
132609,44.09,66
0,7.93,66
131752,7.93,66
135334,26.53,54
136937,26.53,54
135844,34.84,45
135147,34.84,45
0,34.84,45
129010,34.84,45
132798,34.84,45
133827,34.84,45
0,34.84,45
0,34.84,45
133789,34.84,45
133818,5.63,45
134036,68.1,53
132538,68.1,53
129651,68.1,53
129659,68.1,53
129261,68.1,53
0,12.44,53
129853,12.44,53
132477,12.44,53
134296,12.44,53
0,12.75,53
133917,41.07,57
133671,41.07,57
0,73.08,54
133824,73.08,54
134009,83.33,59
133585,83.33,59
0,29.97,57
133641,37.93,48
133375,37.93,48
0,37.93,48
133476,19.71,48
0,19.71,48
133755,19.71,48
133628,14.91,48
0,63.76,53
133726,142.52,77
130064,142.52,77
0,142.52,77
131502,142.52,77
131314,142.52,77
0,142.52,77
132353,142.52,77
134295,142.52,77
0,142.52,77
135020,5.82,77
135252,5.82,77
0,31.22,75
135076,31.22,75
135240,24.16,65
0,24.16,65
132550,32.93,57
130428,32.93,57
0,32.93,57
122777,32.93,57
996,32.93,57
0,32.93,57
1204,32.93,57
912,32.93,57
1079,32.93,57
1838,32.93,57
0,32.93,57
1914,32.93,57
1866,32.93,57
0,4.07,57
1797,29.97,29
1725,29.97,29
0,29.97,29
1630,21.1,26
1589,21.1,26
0,28.54,27
1539,49.14,31
1492,49.14,31
0,49.14,31
1484,83.22,45
1487,61.16,55
1452,61.16,55
1444,31.55,56
0,31.55,56
0,19.85,56
1393,19.85,56
1382,19.85,56
1382,23.78,49
1294,31.88,36
656,124.74,52
0,124.74,52
649,124.74,52
639,124.74,52
0,58.77,59
865,62.43,68
723,63.76,76
686,63.76,76
0,31.55,53
689,31.55,53
685,31.55,53
672,31.55,53
0,31.55,53
692,31.55,53
681,8.32,53
677,8.32,53
0,8.32,53
693,8.32,53
684,8.32,53
690,8.32,53
681,8.32,53
0,8.32,53
700,8.32,53
702,8.32,53
693,8.32,53
0,8.32,53
708,8.32,53
690,8.32,53
686,8.32,53
0,8.32,53
714,8.32,53
697,8.32,53
0,8.32,53
0,8.32,53
704,2.6,53
695,2.6,53
0,2.6,53
713,2.6,53
703,2.6,53
709,2.6,53
0,2.6,53
704,2.6,53
680,2.6,53
688,5.95,53
0,57.64,53
691,57.64,53
690,57.64,53
682,57.64,53
0,57.64,53
0,57.64,53
703,57.64,53
690,57.64,53
683,57.64,53
0,57.64,53
730,57.64,53
708,4.61,53
693,4.61,53
703,33.3,46
0,33.3,46
716,21.1,35
708,21.1,35
690,21.1,35
689,21.1,35
0,21.1,35
710,21.1,35
699,9.08,35
693,9.08,35
690,9.08,35
699,9.08,35
699,9.08,35
0,9.08,35
712,9.08,35
698,9.08,35
699,9.08,35
703,9.08,35
0,9.08,35
709,9.08,35
690,4.48,35
714,4.48,35
0,4.48,35
0,16.29,35
785,66.59,44
792,66.59,44
778,66.59,44
793,66.59,44
0,66.59,44
805,66.59,44
799,66.59,44
792,66.59,44
0,66.59,44
0,66.59,44
810,66.59,44
2672,66.59,44
511,66.59,44
3971,66.59,44
0,66.59,44
118667,66.59,44
125010,66.59,44
126374,66.59,44
0,66.59,44
131359,66.59,44
131404,66.59,44
130653,66.59,44
130568,66.59,44
0,66.59,44
124458,66.59,44
112964,66.59,44
262143,66.59,44
262143,66.59,44
0,66.59,44
133922,66.59,44
134007,66.59,44
134105,1.74,44
0,1.74,44
134627,27.24,36
134502,66.59,45
134171,66.59,45
0,66.59,45
133486,15.86,45
133087,40.49,49
132834,40.49,49
0,40.49,49
131822,40.49,49
71456,40.49,49
0,40.49,49
125107,40.49,49
125575,40.49,49
126138,40.49,49
0,40.49,49
130636,40.49,49
130622,40.49,49
0,40.49,49
129574,40.49,49
128701,40.49,49
127180,40.49,49
2897,40.49,49
504,40.49,49
473,40.49,49
0,40.49,49
465,40.49,49
458,40.49,49
0,40.49,49
477,40.49,49
473,2.24,49
467,2.24,49
0,2.24,49
466,2.24,49
462,2.24,49
467,2.24,49
0,2.24,49
477,2.24,49
465,2.24,49
467,2.24,49
0,2.24,49
708,2.24,49
488,2.24,49
0,2.24,49
0,2.24,49
548,3.49,49
0,36.54,42
541,52.59,48
526,83.22,52
525,83.22,52
0,83.22,52
535,83.22,52
522,83.22,52
529,83.22,52
516,83.22,52
513,83.22,52
0,83.22,52
0,83.22,52
530,5.31,52
528,5.31,52
521,5.31,52
0,5.31,52
0,5.31,52
520,10.55,52
527,10.55,52
510,10.55,52
0,20.81,47
0,20.81,47
536,20.81,47
525,20.81,47
522,20.81,47
517,20.81,47
0,20.81,47
0,20.81,47
522,6.18,47
513,6.18,47
0,6.18,47
532,6.18,47
531,6.18,47
529,6.18,47
528,6.18,47
527,6.18,47
534,6.18,47
518,6.18,47
523,6.18,47
517,6.18,47
517,6.18,47
0,6.18,47
0,6.18,47
516,6.18,47
524,6.18,47
522,6.18,47
516,6.18,47
510,6.18,47
0,6.18,47
539,6.18,47
520,6.18,47
526,6.18,47
532,6.18,47
523,6.18,47
0,6.18,47
0,6.18,47
526,1.94,47
527,1.94,47
0,1.94,47
0,1.94,47
528,1.94,47
523,1.94,47
0,1.94,47
535,1.94,47
528,1.94,47
518,1.94,47
516,1.94,47
512,1.94,47
0,1.94,47
0,1.94,47
530,1.94,47
528,1.94,47
1706,1.94,47
532,1.94,47
500,1.94,47
501,1.94,47
0,2.72,47
523,2.72,47
509,2.72,47
492,2.72,47
501,2.72,47
502,2.72,47
0,2.72,47
0,2.72,47
559,2.72,47
544,5.71,47
537,56.55,52
530,56.55,52
0,56.55,52
551,56.55,52
538,56.55,52
0,11.02,52
0,11.02,52
526,11.02,52
540,16.29,52
532,16.29,52
525,16.29,52
530,16.29,52
528,16.29,52
0,16.29,52
0,16.29,52
550,16.29,52
532,16.29,52
532,16.29,52
528,16.29,52
0,16.29,52
0,16.29,52
540,16.29,52
542,16.29,52
533,16.29,52
532,16.29,52
519,16.29,52
0,16.29,52
555,16.29,52
544,2.68,52
540,2.68,52
528,2.68,52
0,2.68,52
0,2.68,52
517,2.68,52
514,2.68,52
517,2.68,52
0,2.68,52
510,2.68,52
0,2.68,52
525,2.68,52
506,2.68,52
513,2.68,52
505,2.68,52
507,2.68,52
507,2.68,52
501,2.68,52
0,2.68,52
0,2.68,52
537,56.55,53
562,56.55,53
526,38.41,42
558,38.41,42
517,38.41,42
523,18.17,42
527,18.17,42
0,18.17,42
0,18.17,42
541,18.17,42
533,18.17,42
535,18.17,42
522,18.17,42
530,18.17,42
532,18.17,42
0,18.17,42
0,18.17,42
553,4.28,42
550,4.28,42
546,4.28,42
535,4.28,42
544,4.28,42
538,4.28,42
538,4.28,42
531,4.28,42
537,4.28,42
542,4.28,42
539,4.28,42
532,4.28,42
536,4.28,42
542,4.28,42
0,4.09,42
0,40.51,47
129609,150.0,71
131336,150.0,71
128670,150.0,71
125357,150.0,71
131767,150.0,71
128778,150.0,71
127785,150.0,71
127250,150.0,71
0,150.0,71
126098,150.0,71
0,150.0,71
125406,150.0,71
125353,150.0,71
125475,4.01,71
0,96.77,81
125405,80.97,97
125288,85.59,77
125297,107.14,88
0,73.08,86
125185,90.91,77
125013,73.08,68
124579,78.84,69
124694,78.84,69
124412,37.45,69
0,40.51,57
0,29.38,46
124060,96.62,50
123849,90.77,63
123934,35.27,62
124134,96.77,96
124289,96.77,96
124000,96.77,96
122901,96.77,96
122693,96.77,96
0,96.77,96
0,9.89,96
123682,34.05,82
124049,34.05,82
124330,34.05,82
0,34.05,82
0,34.05,82
124788,11.02,82
124513,73.17,72
124459,76.82,67
123706,85.59,79
123165,85.59,79
0,85.59,79
120310,85.59,79
119777,85.59,79
119740,85.59,79
0,176.47,102
0,176.47,102
121769,176.47,102
122362,176.47,102
122623,176.47,102
123273,176.47,102
123591,176.47,102
123702,176.47,102
123575,88.24,106
123580,71.34,105
123825,115.16,88
0,115.16,88
0,26.76,72
124067,59.94,69
123939,76.82,56
123743,76.82,56
123648,39.45,59
0,39.45,59
0,93.6,58
123622,106.95,66
123784,106.95,66
124015,106.95,66
124093,106.95,66
0,69.77,73
124047,69.69,84
123977,69.69,78
124014,76.82,70
0,78.84,75
123598,85.59,81
121568,85.59,81
121481,32.93,69
121366,48.31,61
0,130.43,73
0,130.43,73
714,130.43,73
819,130.43,73
808,11.66,73
812,11.66,73
809,11.66,73
803,11.66,73
784,11.66,73
798,11.66,73
0,11.66,73
801,11.66,73
794,11.66,73
792,11.66,73
786,11.66,73
787,11.66,73
0,11.66,73
0,11.66,73
791,3.87,73
784,3.87,73
784,3.87,73
791,3.87,73
779,3.87,73
778,3.87,73
782,3.87,73
782,3.87,73
779,3.87,73
786,3.87,73
780,3.87,73
779,3.87,73
792,3.87,73
784,3.87,73
781,3.87,73
777,3.87,73
782,3.87,73
777,3.87,73
776,3.87,73
779,3.87,73
783,3.87,73
786,3.87,73
788,3.87,73
789,3.87,73
797,3.87,73
785,3.87,73
788,3.87,73
792,3.87,73
789,3.87,73
788,3.87,73
787,3.87,73
787,3.87,73
786,3.87,73
783,3.87,73
785,3.87,73
793,1.6,73
786,1.6,73
785,1.6,73
783,1.6,73
784,1.6,73
780,10.09,73
785,10.09,73
789,28.01,59
778,28.01,59
779,28.01,59
785,28.01,59
792,28.01,59
17761,9.73,59
135801,9.73,59
135529,9.73,59
134982,9.73,59
134435,9.73,59
134144,12.75,59
134127,41.64,61
133942,41.64,61
133021,31.22,57
130621,31.22,57
128486,31.22,57
127956,31.22,57
128139,11.99,57
127757,11.99,57
128742,28.26,32
127526,28.26,32
127393,28.26,32
0,28.26,32
127246,14.07,32
128157,76.82,44
127425,76.82,44
126868,76.82,44
126523,76.82,44
126512,76.82,44
126654,142.86,69
127074,142.86,69
0,142.86,69
127265,16.56,69
127291,63.76,77
127100,78.84,90
127011,78.95,74
0,80.97,79
127059,107.14,77
614,107.14,77
555,107.14,77
0,107.14,77
1715,107.14,77
1721,107.14,77
1721,107.14,77
1724,107.14,77
1728,107.14,77
0,107.14,77
1740,5.49,77
1757,5.49,77
1761,5.49,77
1752,5.49,77
1747,5.49,77
1752,5.49,77
0,5.49,77
0,5.49,77
1780,5.49,77
1771,5.49,77
1778,5.49,77
1777,5.49,77
1772,5.49,77
1788,5.49,77
1759,5.49,77
0,3.72,77
1761,41.64,67
1757,41.64,67
1733,41.64,67
1725,41.64,67
1756,41.64,67
1739,11.53,67
1740,11.53,67
1745,11.53,67
1746,11.53,67
1750,11.53,67
1757,11.53,67
1756,11.53,67
1763,11.53,67
1754,11.53,67
1766,11.53,67
1765,11.53,67
1758,11.53,67
1763,11.53,67
1768,11.53,67
1773,11.53,67
1774,11.53,67
1779,3.47,67
1772,3.47,67
1769,3.47,67
1768,3.47,67
1768,3.47,67
1780,3.47,67
1783,3.47,67
1777,3.47,67
1770,3.47,67
1783,3.47,67
1771,3.47,67
1777,3.47,67
1782,3.47,67
1781,3.47,67
1788,3.47,67
1776,3.47,67
1778,3.47,67
1783,3.47,67
1778,3.47,67
1770,3.47,67
1773,3.47,67
1772,3.47,67
1784,3.47,67
1775,3.47,67
1774,3.47,67
1776,3.47,67
1779,3.47,67
1782,3.47,67
1772,3.47,67
1792,3.47,67
1773,3.47,67
1788,3.47,67
1783,3.47,67
1793,3.47,67
1783,3.47,67
1792,3.47,67
1786,3.47,67
1787,3.47,67
1795,3.47,67
1791,3.47,67
1785,3.47,67
1783,3.47,67
1783,3.47,67
1788,3.47,67
1791,3.47,67
1798,3.47,67
1789,3.47,67
1784,3.47,67
1791,3.47,67
1796,3.47,67
1792,3.47,67
1789,3.47,67
1790,3.47,67
1798,3.47,67
1793,3.47,67
1784,3.47,67
1790,3.47,67
1792,3.47,67
1799,3.47,67
1793,3.47,67
1792,3.47,67
1797,3.47,67
1797,3.47,67
1794,3.47,67
1797,3.47,67
1794,3.47,67
1799,3.47,67
1799,3.47,67
1799,3.47,67
1798,3.47,67
1801,3.47,67
1793,3.47,67
1794,3.47,67
1801,3.47,67
1799,3.47,67
1805,3.47,67
1799,3.47,67
1802,3.47,67
1800,3.47,67
1805,3.47,67
1804,3.47,67
1802,3.47,67
1798,3.47,67
1795,3.47,67
1801,3.47,67
1803,3.47,67
1805,3.47,67
1805,3.47,67
1805,3.47,67
1799,3.47,67
1798,3.47,67
1802,3.47,67
1805,3.47,67
1803,3.47,67
1803,3.47,67
1798,3.47,67
1806,0.56,67
1807,0.56,67
1813,0.56,67
1803,0.56,67
1812,0.56,67
1806,0.56,67
1808,0.56,67
1804,0.56,67
1807,0.56,67
1806,0.56,67
1805,0.56,67
1810,0.56,67
1800,0.56,67
1801,0.56,67
1804,0.56,67
1808,0.56,67
1815,0.56,67
1800,0.56,67
1808,0.56,67
1810,0.56,67
1819,0.56,67
1809,0.56,67
1825,0.56,67
1817,0.56,67
1821,0.56,67
1810,0.56,67
1823,0.56,67
1818,0.56,67
1808,0.56,67
1816,0.56,67
1815,1.8,67
1821,1.8,67
1823,1.8,67
1822,1.8,67
1820,1.8,67
1817,1.8,67
1823,1.8,67
1817,1.8,67
1819,1.8,67
1819,1.8,67
1827,1.8,67
1814,4.95,67
1812,4.95,67
1817,4.95,67
1815,4.95,67
1805,4.95,67
1816,4.95,67
1821,4.95,67
1826,4.95,67
1823,4.95,67
1819,4.95,67
1825,4.95,67
1822,4.95,67
1817,4.95,67
1828,4.95,67
1831,4.95,67
1821,4.95,67
1828,4.95,67
1823,4.95,67
1831,4.95,67
1827,4.95,67
1815,4.95,67
1821,4.95,67
1829,4.95,67
1822,4.95,67
1825,4.95,67
0,4.95,67
0,4.95,67
1831,4.95,67
1824,4.95,67
0,4.95,67
1834,1.75,67
1830,1.75,67
1826,1.75,67
1822,1.75,67
1829,1.75,67
1823,1.75,67
1829,1.75,67
1825,1.75,67
1833,1.75,67
1815,1.75,67
1829,1.75,67
1825,1.75,67
1825,1.75,67
1818,1.75,67
1831,1.75,67
1824,1.75,67
1829,1.75,67
1825,1.75,67
1828,1.75,67
1827,1.75,67
1817,1.75,67
1825,1.75,67
1816,1.75,67
1821,1.75,67
1821,1.75,67
1817,1.75,67
1821,1.75,67
1819,1.75,67
1813,1.75,67
1814,1.75,67
1809,1.75,67
0,1.75,67
0,1.75,67
1827,1.75,67
1826,1.75,67
1826,1.75,67
1814,1.75,67
1805,1.75,67
1821,1.75,67
0,1.75,67
0,1.75,67
1828,1.75,67
1823,1.75,67
1840,1.75,67
1836,1.75,67
1832,1.75,67
1835,1.75,67
1830,1.75,67
1834,1.75,67
1830,1.75,67
1821,1.75,67
1829,1.75,67
1820,1.75,67
1830,1.75,67
1825,1.75,67
1821,1.75,67
1836,1.75,67
1827,1.75,67
1824,1.75,67
1815,1.75,67
1829,1.75,67
1829,0.91,67
1835,57.64,62
1820,57.64,62
1833,57.64,62
1830,57.64,62
1831,57.64,62
1835,57.64,62
1836,57.64,62
1831,57.64,62
1836,57.64,62
1829,57.64,62
1835,57.64,62
1837,57.64,62
1832,57.64,62
1840,57.64,62
1832,57.64,62
1834,57.64,62
1840,57.64,62
1829,57.64,62
1835,57.64,62
1817,57.64,62
1832,57.64,62
1840,57.64,62
1837,57.64,62
1836,57.64,62
1830,57.64,62
1836,57.64,62
1838,57.64,62
1842,57.64,62
1831,57.64,62
1844,57.64,62
1833,57.64,62
1837,57.64,62
1838,57.64,62
1822,57.64,62
1842,57.64,62
1833,57.64,62
1832,57.64,62
1828,57.64,62
1825,57.64,62
1832,57.64,62
1827,57.64,62
1838,57.64,62
1835,57.64,62
1829,57.64,62
1832,57.64,62
1822,57.64,62
1834,57.64,62
1817,57.64,62
1818,57.64,62
1826,57.64,62
1815,57.64,62
1826,57.64,62
1833,57.64,62
1825,57.64,62
1826,57.64,62
1821,57.64,62
1829,57.64,62
1826,57.64,62
1837,57.64,62
1834,57.64,62
1841,0.94,62
1844,0.94,62
1838,0.94,62
1836,0.94,62
1834,0.94,62
1841,0.94,62
1833,0.94,62
1844,0.94,62
1845,0.94,62
1835,0.94,62
1852,0.94,62
1836,0.94,62
1845,0.94,62
1845,0.94,62
1842,0.94,62
1840,0.94,62
1847,0.94,62
1852,0.94,62
1847,0.94,62
1838,0.94,62
1842,0.94,62
1829,0.94,62
1849,0.94,62
1856,0.94,62
1855,0.94,62
1846,0.94,62
1848,0.94,62
1853,0.94,62
1858,0.94,62
1834,0.94,62
1850,0.94,62
1845,0.94,62
1850,0.94,62
1853,0.94,62
1854,0.94,62
1836,0.94,62
1848,0.94,62
1848,0.94,62
1850,0.94,62
1853,0.94,62
1847,0.94,62
1858,0.94,62
1849,0.94,62
1842,0.94,62
1851,0.94,62
1853,0.94,62
1846,0.94,62
1852,0.94,62
1849,0.94,62
1852,0.94,62
1856,0.94,62
1863,0.94,62
1855,0.94,62
1854,0.94,62
1855,0.94,62
1844,0.94,62
1853,0.94,62
1855,0.94,62
1855,0.94,62
1853,0.94,62
1847,0.94,62
1858,0.94,62
1854,0.94,62
1845,0.94,62
1849,0.94,62
1855,0.94,62
1839,0.94,62
1857,0.94,62
1858,0.94,62
1862,0.94,62
1848,0.94,62
1859,0.94,62
1859,0.94,62
1857,0.76,62
1854,0.76,62
1863,0.76,62
1859,0.76,62
1851,0.76,62
1851,0.76,62
1849,0.76,62
1862,0.76,62
1858,0.76,62
0,0.76,62
1855,0.76,62
1857,0.76,62
1861,0.76,62
1866,0.76,62
1857,0.76,62
1854,0.76,62
1853,3.15,62
1857,3.15,62
1856,3.15,62
1859,3.15,62
1846,3.15,62
1853,3.15,62
1853,3.15,62
1857,3.15,62
1854,3.15,62
1859,3.15,62
1858,3.15,62
1852,3.15,62
1854,3.15,62
1851,3.15,62
1864,3.15,62
1861,3.15,62
1864,3.17,62
1858,3.17,62
1853,3.17,62
1859,3.17,62
1855,3.17,62
1860,3.17,62
1856,3.17,62
1853,3.17,62
1854,6.6,62
1864,6.6,62
1852,6.6,62
1851,6.6,62
1862,6.6,62
1849,6.6,62
1859,6.6,62
1855,6.6,62
1852,6.6,62
1853,6.6,62
1860,6.6,62
1859,6.6,62
1851,6.6,62
1852,6.6,62
1866,6.6,62
1859,3.67,62
1849,3.67,62
1852,3.67,62
1844,3.67,62
1847,3.67,62
1849,3.67,62
1843,3.67,62
1863,3.67,62
1866,3.67,62
1852,3.67,62
1861,3.67,62
1856,3.67,62
1865,3.67,62
1863,3.67,62
1854,3.67,62
1859,3.67,62
1854,3.67,62
1865,3.67,62
1856,3.67,62
1865,3.67,62
1858,3.67,62
1862,3.67,62
1860,3.67,62
1861,3.67,62
1855,3.67,62
1853,3.67,62
1847,3.67,62
1847,3.67,62
1856,3.67,62
1855,3.67,62
1846,3.67,62
1858,3.67,62
1855,3.67,62
1844,3.67,62
1852,3.67,62
1859,3.67,62
1859,3.67,62
1856,3.67,62
1861,3.67,62
1856,3.67,62
1862,3.67,62
1858,3.67,62
1850,3.67,62
1850,3.67,62
1858,3.67,62
1860,3.67,62
1862,3.67,62
1871,3.67,62
1868,3.67,62
1857,3.67,62
1846,3.67,62
1858,3.67,62
1853,3.67,62
1866,3.67,62
1860,3.67,62
1848,3.67,62
1854,3.67,62
1852,3.67,62
1867,3.67,62
1863,3.67,62
1865,3.67,62
1854,3.67,62
1864,3.67,62
1848,3.67,62
1853,3.67,62
1857,3.67,62
1858,3.67,62
1843,3.67,62
1859,3.67,62
1856,3.67,62
1862,3.67,62
1863,3.67,62
1863,3.67,62
1855,3.67,62
1858,3.67,62
1868,0.73,62
1857,0.73,62
1862,0.73,62
1862,0.73,62
1868,0.73,62
1854,0.73,62
1863,0.73,62
1852,0.73,62
1870,0.73,62
1866,0.73,62
1847,0.73,62
1865,0.73,62
1867,0.73,62
1856,0.73,62
1855,0.73,62
1865,0.73,62
1867,0.73,62
1867,0.73,62
1869,0.73,62
1871,0.73,62
1863,0.73,62
1865,0.73,62
1873,0.73,62
1871,0.73,62
1863,0.73,62
1872,0.73,62
1863,0.73,62
1869,0.73,62
1874,0.73,62
1880,0.73,62
1868,0.73,62
1876,0.73,62
1877,0.73,62
1863,0.73,62
1855,0.73,62
1860,0.73,62
1855,0.73,62
1873,0.73,62
1865,0.73,62
1872,0.73,62
1878,0.73,62
1877,0.73,62
1877,0.73,62
1880,0.73,62
1877,0.73,62
1871,0.73,62
1875,0.73,62
1874,0.73,62
1874,0.73,62
1874,0.73,62
1873,0.73,62
1877,0.73,62
1873,0.73,62
1866,0.73,62
1869,0.73,62
1879,0.99,62
0,0.99,62
0,0.99,62
1872,16.03,62
1868,16.03,62
1873,16.03,62
1875,16.03,62
1873,16.03,62
1877,16.03,62
1874,16.03,62
1875,16.03,62
1877,16.03,62
1881,16.03,62
1879,16.03,62
1876,16.03,62
1876,16.03,62
1873,16.03,62
1875,3.73,62
1880,3.73,62
1880,3.73,62
1895,3.73,62
1879,3.73,62
1875,3.73,62
1875,3.73,62
1873,3.73,62
1870,3.73,62
1873,3.73,62
1853,5.15,62
1860,5.15,62
1860,5.15,62
1885,5.15,62
1889,13.81,62
1906,13.81,62
1887,13.81,62
1890,17.74,62
1898,50.8,63
1898,50.8,63
1890,50.8,63
1886,50.8,63
1887,50.8,63
1871,10.44,63
1859,10.44,63
1876,10.44,63
1858,20.11,42
1874,20.11,42
1869,20.11,42
1870,20.11,42
1870,20.11,42
1866,20.11,42
1873,20.11,42
1858,20.11,42
1870,20.11,42
1872,20.11,42
1867,20.11,42
1867,20.11,42
1895,20.11,42
1863,4.29,42
1860,4.29,42
1862,4.29,42
1875,4.29,42
1870,4.29,42
1875,4.29,42
1878,9.55,42
1878,49.96,44
1869,49.96,44
1881,49.96,44
1883,49.96,44
1879,49.96,44
1881,49.96,44
1878,49.96,44
1871,49.96,44
1881,49.96,44
1871,49.96,44
1884,49.96,44
1878,49.96,44
1880,49.96,44
1885,49.96,44
1885,49.96,44
1884,49.96,44
1888,49.96,44
1881,49.96,44
1879,49.96,44
1885,49.96,44
1890,49.96,44
1883,49.96,44
1885,49.96,44
1877,49.96,44
1867,49.96,44
0,49.96,44
0,49.96,44
1889,49.96,44
1890,1.86,44
1897,1.86,44
1890,1.86,44
0,1.86,44
1893,1.86,44
1903,1.86,44
1890,1.86,44
1893,1.86,44
1885,1.86,44
1893,1.86,44
1892,1.86,44
1887,1.86,44
1894,1.86,44
1878,3.9,44
1877,49.96,42
0,49.96,42
1868,21.26,34
1873,21.26,34
1871,21.26,34
1863,21.26,34
1868,13.2,34
1857,13.2,34
1863,13.2,34
1866,13.2,34
1869,13.2,34
1873,13.2,34
1873,13.2,34
1876,13.2,34
0,13.2,34
0,5.41,34
0,41.07,40
1870,55.5,41
0,48.35,41
1862,48.35,41
1856,48.35,41
1854,48.35,41
1871,48.35,41
1863,48.35,41
1842,48.35,41
1843,7.55,41
1842,7.55,41
1852,7.55,41
1855,7.55,41
1862,7.55,41
1877,7.55,41
1872,9.37,41
1872,9.37,41
1875,26.53,42
1879,26.53,42
1868,26.53,42
1887,26.53,42
1884,26.53,42
1871,26.53,42
1876,26.53,42
1873,26.53,42
0,26.53,42
0,26.53,42
0,26.53,42
0,26.53,42
1873,26.53,42
1885,26.53,42
1876,26.53,42
1879,26.53,42
1875,26.53,42
1878,26.53,42
1876,26.53,42
1864,26.53,42
1873,26.53,42
1879,26.53,42
1883,26.53,42
1880,26.53,42
1886,26.53,42
1875,26.53,42
1879,26.53,42
1876,26.53,42
1887,26.53,42
1883,26.53,42
1888,26.53,42
1872,26.53,42
1874,26.53,42
1872,26.53,42
1875,1.47,42
1881,1.47,42
1881,1.47,42
1880,1.47,42
1884,1.47,42
1882,1.47,42
1884,1.47,42
1875,1.47,42
1876,1.47,42
1875,5.88,42
1866,5.88,42
1875,5.88,42
1879,5.88,42
1888,5.88,42
1876,5.88,42
1881,5.88,42
1881,7.4,42
1876,7.4,42
1881,7.4,42
1879,7.4,42
1886,7.4,42
1879,7.4,42
1880,7.4,42
1888,7.4,42
0,7.4,42
1880,5.85,42
1886,5.85,42
1876,5.85,42
1878,5.85,42
1875,12.81,42
1888,12.81,42
1888,25.4,38
1877,25.4,38
1874,24.17,30
1879,24.17,30
0,24.17,30
0,24.17,30
1885,12.29,30
1880,12.29,30
1885,12.29,30
1874,12.29,30
1882,12.29,30
1878,12.29,30
1889,12.29,30
1876,12.29,30
1882,12.29,30
1877,12.29,30
1879,12.29,30
0,4.82,30
0,4.82,30
0,4.82,30
0,4.82,30
1876,4.82,30
0,4.82,30
0,4.82,30
0,4.82,30
0,4.82,30
1879,4.82,30
1882,4.82,30
1875,4.82,30
1878,4.82,30
1878,4.82,30
1877,4.82,30
1876,4.82,30
1878,4.82,30
1881,4.82,30
1880,4.82,30
1881,4.82,30
1887,4.82,30
0,4.82,30
0,4.82,30
1876,4.82,30
1877,4.82,30
1880,4.82,30
1877,4.82,30
1877,4.82,30
1879,4.82,30
1882,4.82,30
1878,4.82,30
1882,4.82,30
1876,4.82,30
1871,4.82,30
1880,4.82,30
1878,4.82,30
1881,4.82,30
1880,4.82,30
1874,4.82,30
1878,4.82,30
1874,4.82,30
1885,4.82,30
1877,4.82,30
1876,4.82,30
1887,4.82,30
1880,4.82,30
0,4.82,30
1881,4.82,30
1879,4.82,30
1879,4.82,30
1880,4.82,30
1880,4.82,30
1879,4.82,30
1878,4.82,30
1876,4.82,30
1883,4.82,30
1882,4.82,30
1877,4.82,30
1891,4.82,30
1884,4.82,30
1881,4.82,30
1878,4.82,30
1881,4.82,30
1878,4.82,30
1873,4.82,30
1884,4.82,30
1885,4.82,30
0,4.82,30
1876,4.82,30
1878,4.82,30
1879,4.82,30
1872,4.82,30
1879,4.82,30
1881,4.82,30
1884,4.82,30
1881,4.82,30
1884,0.66,30
0,0.66,30
1874,0.66,30
1875,0.66,30
1881,0.66,30
1882,0.66,30
1883,0.66,30
1887,0.66,30
1878,0.66,30
1882,0.66,30
1882,0.66,30
1873,0.66,30
1887,0.66,30
1874,0.66,30
1879,0.66,30
1886,0.66,30
1891,0.66,30
1879,0.66,30
1881,0.66,30
1877,0.66,30
1882,0.66,30
1880,0.66,30
1875,0.66,30
1877,0.66,30
1878,0.66,30
1883,0.66,30
1880,0.66,30
1878,0.66,30
1875,0.66,30
1877,0.66,30
1875,0.66,30
1875,0.66,30
1881,1.61,30
0,48.35,30
0,48.35,30
1880,48.35,30
1885,48.35,30
1885,48.35,30
1876,48.35,30
0,48.35,30
0,6.69,30
0,6.69,30
0,6.69,30
0,6.69,30
1886,6.69,30
0,6.69,30
0,6.69,30
0,6.69,30
1887,6.69,30
0,6.69,30
0,6.69,30
0,6.69,30
1884,6.69,30
0,6.69,30
0,6.69,30
0,6.69,30
1864,6.69,30
1860,6.69,30
1872,6.69,30
1887,6.69,30
1882,6.69,30
0,6.69,30
1875,6.69,30
1878,6.69,30
1881,2.03,30
0,2.03,30
0,2.03,30
1880,2.03,30
0,2.03,30
1883,9.49,30
1886,9.49,30
1876,9.49,30
1877,9.49,30
1881,9.49,30
1887,9.49,30
1879,9.49,30
1880,9.49,30
1878,9.49,30
1881,9.49,30
1882,5.14,30
1880,5.14,30
0,5.14,30
0,5.14,30
0,5.14,30
1880,5.14,30
1876,5.14,30
0,5.14,30
1891,5.14,30
0,5.14,30
1878,5.14,30
0,5.14,30
1863,5.14,30
1876,5.14,30
1887,5.14,30
0,5.14,30
0,5.14,30
1886,2.91,30
0,2.91,30
0,2.91,30
0,2.91,30
1877,2.91,30
0,2.91,30
0,2.91,30
1889,2.91,30
1891,2.91,30
1881,2.91,30
1876,2.91,30
1879,2.91,30
1883,2.91,30
1886,2.91,30
1881,2.91,30
1886,2.91,30
1878,2.91,30
1874,2.91,30
1886,2.91,30
1876,2.91,30
1888,2.91,30
1883,2.91,30
1874,2.91,30
1879,2.91,30
1881,2.91,30
1880,2.91,30
1876,2.91,30
1879,2.91,30
1871,2.91,30
1889,2.91,30
1875,2.91,30
1885,2.91,30
1883,2.91,30
0,2.91,30
0,2.91,30
1874,2.91,30
0,2.91,30
0,2.91,30
0,2.91,30
1889,2.91,30
1884,1.26,30
1886,1.26,30
2007,1.26,30
1558,1.26,30
0,12.7,30
0,12.7,30
0,12.7,30
0,12.7,30
0,12.7,30
0,12.7,30
1547,12.7,30
1553,12.7,30
1564,12.7,30
1560,12.7,30
0,12.7,30
0,12.7,30
0,12.7,30
0,12.7,30
0,12.7,30
0,12.7,30
0,12.7,30
0,12.7,30
0,12.7,30
1547,12.7,30
1550,12.7,30
1548,12.7,30
1564,12.7,30
1562,2.14,30
1561,2.14,30
1556,2.14,30
1564,2.14,30
0,2.14,30
1553,2.14,30
1556,2.14,30
1568,2.14,30
1553,2.14,30
1556,2.14,30
1563,2.14,30
1568,2.14,30
1557,2.14,30
1559,2.14,30
1569,2.14,30
0,2.14,30
1017,3.21,30
432,3.21,30
435,3.21,30
434,3.21,30
426,11.4,30
433,11.4,30
423,23.6,30
35255,23.6,30
17898,23.6,30
1820,23.6,30
5661,23.6,30
4715,23.6,30
4876,23.6,30
7060,23.6,30
5379,23.6,30
5320,5.85,30
5683,66.59,40
5314,66.59,40
5139,66.59,40
4977,66.59,40
5070,11.9,40
5000,11.9,40
4928,11.9,40
4951,15.61,40
4651,15.61,40
1978,15.61,40
594,15.61,40
1785,15.61,40
37096,15.61,40
36855,15.61,40
36274,15.61,40
66963,200.0,84
89903,200.0,84
92341,200.0,84
92414,200.0,84
7910,16.56,84
6275,16.56,84
87409,16.56,84
115536,16.56,84
132235,16.56,84
130290,16.56,84
127017,16.56,84
125598,16.56,84
125838,6.12,84
126477,74.91,90
127087,58.77,99
125827,47.58,94
120860,47.58,94
122543,47.58,94
92417,47.58,94
117296,47.58,94
99745,47.58,94
100469,8.56,94
100522,8.56,94
100474,29.38,52
100635,107.14,67
100726,103.45,99
100563,59.94,93
100733,130.43,131
100719,69.69,133
100628,63.76,99
100789,106.95,92
99195,56.55,73
18925,56.55,73
13431,56.55,73
10627,56.55,73
7871,56.55,73
9151,56.55,73
9036,56.55,73
8969,7.55,73
8999,53.52,69
9013,59.94,68
9067,59.94,68
0,59.94,68
0,15.94,68
0,53.52,55
9058,53.52,55
8971,26.53,47
10447,110.91,62
10327,110.91,62
10147,110.91,62
9325,110.91,62
9457,110.91,62
9510,110.91,62
9505,9.37,62
9492,9.37,62
9507,24.17,53
9558,24.17,53
9452,44.71,51
9270,44.71,51
9287,22.21,50
6825,22.21,50
5641,22.21,50
5637,22.21,50
5564,22.21,50
5574,11.57,50
5559,11.57,50
5577,28.28,29
5618,53.52,36
5817,53.52,36
5628,53.52,36
5654,19.34,36
5682,57.64,40
5674,61.16,49
6063,61.16,49
6007,61.16,49
5794,20.53,47
5792,20.53,47
5806,22.37,40
5808,63.76,41
5811,63.76,41
5826,63.76,41
5908,19.85,41
6041,19.85,41
5910,19.85,41
6034,18.06,41
6037,18.06,41
5987,107.14,57
5982,107.14,57
6007,36.54,61
6007,36.54,61
6017,36.54,61
6031,18.5,61
6039,18.5,61
6055,18.5,61
6145,18.5,61
6136,11.49,61
6146,66.59,61
6155,53.52,65
6169,53.52,65
6162,53.52,65
6168,53.52,65
6169,53.52,65
6182,53.52,65
6209,9.31,65
6364,9.31,65
6271,29.1,46
6314,58.77,51
6332,58.77,51
6468,28.01,42
6431,44.74,39
6375,56.55,46
5895,56.55,46
5685,56.55,46
5795,18.85,46
5756,18.85,46
5733,18.85,46
5723,17.23,46
5722,17.23,46
5678,17.23,46
5665,17.23,46
5667,17.23,46
5702,17.23,46
5698,17.23,46
5665,7.91,46
5662,57.64,46
5681,57.64,46
5662,26.76,45
5653,26.76,45
5694,26.76,45
5682,17.33,45
5668,17.33,45
5651,17.33,45
5685,17.33,45
5669,17.33,45
5668,17.33,45
5647,17.33,45
5665,17.33,45
5649,6.81,45
5652,6.81,45
5638,28.82,41
5644,28.82,41
5657,28.82,41
5616,28.82,41
5620,14.14,41
5650,14.14,41
5650,14.14,41
5641,20.11,32
5618,20.11,32
5616,20.11,32
5614,20.11,32
5605,20.11,32
5609,11.57,32
5615,11.57,32
5614,11.57,32
5624,11.57,32
5619,14.69,32
5665,44.74,29
5635,44.74,29
5634,26.53,29
5619,26.53,29
5629,26.53,29
5645,21.25,27
5626,21.25,27
5608,24.77,28
5635,24.77,28
5647,28.82,24
5635,28.82,24
5617,28.82,24
5614,18.06,24
5622,18.06,24
5611,28.01,25
5612,46.12,31
5621,46.12,31
5612,46.12,31
5610,46.12,31
5623,46.12,31
5653,46.12,31
5647,9.11,31
5608,53.52,38
5638,58.77,46
5634,58.77,46
5627,25.19,45
5628,25.19,45
5616,25.19,45
5632,25.19,45
5625,25.19,45
5617,25.19,45
5612,25.19,45
5612,25.19,45
5604,25.19,45
5621,25.19,45
5612,25.19,45
5624,25.19,45
5623,25.19,45
5616,25.19,45
5606,25.19,45
5600,25.19,45
5603,25.19,45
5595,3.0,45
5596,3.0,45
5596,27.0,40
5600,27.0,40
5591,29.97,34
5600,29.97,34
5585,29.97,34
5598,29.97,34
5591,29.97,34
5597,29.97,34
5593,8.87,34
5596,8.87,34
5587,8.87,34
5602,8.87,34
5585,8.87,34
5583,8.87,34
5302,8.87,34
5543,7.83,34
5521,7.83,34
5495,7.83,34
5484,19.34,34
5497,19.34,34
5499,27.0,27
5470,27.0,27
5498,29.38,28
5514,57.64,35
5506,49.14,40
5468,49.14,40
5480,27.5,40
5508,27.5,40
5510,27.5,40
5507,17.74,40
5503,17.74,40
5483,17.74,40
5498,20.96,38
5498,20.96,38
5474,22.54,29
5475,52.59,30
5492,52.59,30
5492,26.76,30
5484,26.76,30
5468,26.76,30
5476,26.76,30
5485,14.76,30
5483,14.76,30
5488,14.76,30
5458,17.23,30
5471,17.23,30
5474,17.23,30
5474,17.23,30
5464,14.48,30
5447,52.59,38
5477,52.59,38
5460,28.82,39
5457,53.52,39
5441,53.52,39
5486,53.52,39
5484,53.52,39
5480,14.34,39
5479,14.34,39
5490,14.34,39
5485,14.34,39
5461,12.49,39
5461,65.15,49
5452,65.15,49
5466,65.15,49
5494,65.15,49
5474,13.5,49
5493,46.84,48
5490,49.96,53
5475,49.96,53
5461,49.96,53
5461,49.96,53
5463,13.56,53
5473,13.56,53
5460,13.56,53
5462,13.56,53
5465,13.56,53
5464,13.56,53
5471,13.56,53
5468,7.71,53
5469,7.71,53
5465,7.71,53
5464,17.53,53
5452,17.53,53
5489,17.53,53
5356,17.53,53
5979,14.2,53
5952,14.2,53
5924,14.2,53
5917,18.39,53
5883,41.07,50
5932,49.14,46
5953,49.14,46
5946,49.14,46
5942,20.81,39
5954,42.22,38
5955,47.58,39
5977,51.68,40
5971,51.68,47
5985,51.68,47
6001,39.42,47
5953,39.42,47
5974,24.77,41
5974,37.95,37
5971,52.59,38
5955,51.68,41
5971,59.94,49
5960,49.14,52
5956,48.35,51
5963,50.8,51
5981,44.09,47
5974,54.5,49
5959,54.5,49
5947,30.9,44
5976,66.59,48
5970,50.8,50
5957,56.55,50
5968,56.55,50
5693,26.29,49
5397,26.29,49
4584,26.29,49
4553,17.84,49
4564,90.77,78
4570,136.36,124
4496,136.36,124
10670,27.75,95
10751,27.75,95
5218,27.75,95
4800,27.75,95
4778,13.03,95
4681,66.59,89
4681,50.8,69
4646,54.5,49
4623,68.1,59
4548,176.47,87
4574,176.47,162
4561,76.82,137
4592,76.82,137
4574,24.37,108
4562,24.37,108
4484,23.24,74
4341,157.89,69
4474,176.47,138
4423,136.36,129
4407,74.91,110
4540,103.27,92
4489,250.0,114
4488,157.48,135
4497,39.45,119
4499,49.96,123
4497,142.86,91
4493,142.86,91
4497,142.86,91
4505,16.84,91
4498,16.84,91
4555,32.57,89
4579,32.57,89
4528,29.67,84
4524,36.12,59
4539,36.12,59
4544,36.12,59
4534,36.12,59
4542,36.12,59
4530,10.63,59
4540,10.63,59
4548,10.63,59
4543,18.5,59
4564,47.58,36
4548,76.82,47
4571,47.58,51
4566,47.58,51
4575,47.58,51
4571,20.39,47
4556,20.39,47
4567,20.39,47
4555,16.29,47
4562,16.29,47
4576,26.06,42
4572,26.06,42
4500,26.06,42
4547,176.47,60
4553,73.08,74
4566,48.35,79
4570,48.35,79
4556,48.35,79
4560,157.89,74
4599,125.0,94
4539,100.0,110
4576,142.86,128
4594,142.86,128
4605,29.38,100
4593,62.43,90
4583,85.59,79
4594,85.59,79
4602,88.24,66
4630,88.24,66
4579,27.5,57
4602,150.0,121
4599,142.52,150
4589,39.45,124
4595,51.68,95
4638,51.68,95
4599,51.68,95
4581,51.68,95
4601,51.68,95
4639,51.68,95
4608,51.68,95
4598,7.35,95
4627,7.35,95
4647,7.35,95
4629,16.93,95
4630,16.93,95
4645,16.93,95
4633,16.93,95
4643,16.93,95
4631,9.99,95
4621,50.8,70
4637,47.58,46
4651,47.58,46
4640,28.28,44
4669,28.28,44
4641,31.55,39
4652,48.35,38
4672,176.47,75
4669,176.47,75
4678,176.47,75
4673,19.21,75
4672,54.5,81
4681,44.74,80
4667,54.5,82
4680,54.5,82
4712,176.47,96
4686,150.0,145
4653,55.5,130
4672,55.5,130
4697,27.25,93
4696,27.25,93
4696,27.25,93
4675,88.24,47
4682,88.24,47
4706,88.24,47
4686,88.24,47
4718,88.24,47
4707,10.82,47
4699,65.15,50
4706,65.15,50
4695,26.53,49
4701,26.53,49
4690,25.84,51
4704,166.67,109
4704,78.84,122
4688,78.84,122
4740,200.0,119
4723,200.0,119
4722,27.0,84
4718,27.0,84
4785,25.84,71
4764,74.91,81
4735,166.67,120
4716,166.67,120
4759,157.89,128
4809,150.0,122
4769,76.82,133
4799,176.47,111
4753,136.36,124
4749,136.36,124
4748,136.36,124
4755,136.36,124
4731,136.36,124
4755,176.47,163
4756,176.47,163
4749,176.47,163
4774,176.47,163
4782,176.47,163
4735,103.45,153
4783,150.0,126
4780,136.05,116
4810,34.86,99
4753,49.96,92
4766,44.74,65
4804,44.74,65
4766,44.74,65
4797,16.56,65
4792,16.56,65
4812,16.56,65
4782,16.56,65
4782,16.56,65
4831,10.7,65
4791,46.12,43
4795,46.12,43
4805,26.06,41
4811,26.06,41
4816,26.06,41
4816,26.06,41
4803,26.06,41
4822,26.06,41
4814,26.06,41
4825,7.76,41
4841,7.76,41
4834,7.76,41
4822,7.76,41
4830,13.15,41
4838,46.84,40
4823,46.84,40
4811,28.82,36
4820,80.97,45
4827,52.59,51
4885,107.14,72
4882,150.0,94
4841,166.67,114
4889,157.89,136
4872,124.74,149
4887,26.54,114
4906,26.54,114
4904,33.67,85
4900,33.67,85
4885,33.67,85
4901,33.67,85
4910,33.67,85
4906,10.3,85
4914,10.3,85
4918,10.3,85
4918,17.33,85
4923,47.58,57
4915,47.58,57
4896,47.58,57
4916,19.09,57
4927,176.47,74
4898,74.91,84
4911,74.91,84
4917,74.91,84
4916,18.85,84
4925,68.1,90
4910,37.95,88
4934,49.14,57
4936,51.68,51
4940,51.68,51
0,51.68,51
0,51.68,51
0,12.54,51
4924,43.45,45
4942,46.12,47
4928,46.12,47
4916,27.25,41
4945,27.25,41
4968,27.25,41
4960,27.25,41
4966,27.25,41
0,9.83,41
4936,46.12,40
0,46.12,40
0,46.12,40
0,46.12,40
4963,11.44,40
0,49.14,42
0,49.14,42
0,23.6,36
0,23.6,36
0,23.6,36
0,23.6,36
0,23.6,36
0,9.34,36
0,157.89,116
0,110.91,136
5018,110.91,136
0,110.91,136
0,110.91,136
0,110.91,136
5011,11.06,136
5034,42.22,114
5029,42.22,114
0,42.22,114
0,16.38,114
5030,42.83,86
5042,48.35,60
5046,55.5,46
0,45.42,47
0,45.42,47
0,24.17,43
0,53.52,44
5074,41.64,40
0,41.64,40
0,41.64,40
0,16.84,40
5068,44.74,40
5057,47.58,46
5060,53.52,46
5071,54.5,49
5072,54.5,49
5081,24.17,44
5082,24.17,44
5071,24.17,44
0,16.65,44
5090,16.65,44
0,23.06,38
5106,52.59,38
0,52.59,38
5094,52.59,38
0,52.59,38
0,52.59,38
0,9.2,38
0,55.5,38
0,41.07,42
5104,41.07,42
5111,41.07,42
5096,41.07,42
5096,12.76,42
5114,12.76,42
5121,12.76,42
5116,17.95,42
5120,49.96,49
5141,83.22,57
5148,83.22,57
5113,125.0,71
5142,125.0,71
5126,26.06,66
5136,26.06,66
5137,28.28,52
5144,28.28,52
5130,27.0,51
5131,27.0,51
5154,27.0,51
5143,21.87,25
5206,21.87,25
5211,28.28,26
5207,28.28,26
5197,19.99,26
5183,62.43,34
5182,62.43,34
5201,25.84,34
5195,54.5,42
5185,54.5,42
5199,54.5,42
5200,54.5,42
5203,54.5,42
5191,10.9,42
5211,53.52,48
5207,53.52,48
5207,53.52,48
5211,53.52,48
5209,53.52,48
5194,53.52,48
5199,9.19,48
5215,9.19,48
5218,23.98,38
5230,55.5,46
5197,55.5,46
5223,30.27,40
5250,30.27,40
5240,27.0,33
5254,27.0,33
5254,27.0,33
5264,27.0,33
5255,27.0,33
5245,27.0,33
5325,27.0,33
5312,7.09,33
5274,166.67,123
5331,78.84,136
5287,176.47,125
5220,176.47,125
5212,230.77,145
5258,200.0,183
5214,176.47,162
5268,166.67,139
5273,149.63,143
5285,149.63,143
5282,149.63,143
5287,17.53,143
5296,17.53,143
5296,17.53,143
5308,17.53,143
5304,14.14,143
5285,33.69,119
5302,41.64,88
5297,69.69,73
5302,69.69,73
5291,25.84,42
5301,25.84,42
5305,25.84,42
5309,25.84,42
5320,25.84,42
5316,25.84,42
5296,25.84,42
5307,25.84,42
5321,25.84,42
5317,25.84,42
5339,25.84,42
5318,25.84,42
5319,4.74,42
5331,42.22,44
5322,42.22,44
5329,27.25,40
5322,27.25,40
5337,27.25,40
5325,27.25,40
5322,13.32,40
5316,55.5,37
5333,51.68,43
5328,51.68,43
5328,27.25,40
5346,27.25,40
5333,27.0,40
5345,47.58,38
5342,57.64,39
5352,57.64,39
5341,35.67,41
5344,35.67,41
5335,21.72,40
5349,21.72,40
5348,27.0,35
5375,55.5,34
5369,62.43,41
5367,80.97,56
5356,80.97,56
5350,80.97,56
5376,80.97,56
5374,11.62,56
5361,11.62,56
0,26.06,55
5365,44.09,53
5362,44.09,53
5383,44.09,53
5385,19.59,53
5372,19.59,53
5401,31.55,45
5386,31.55,45
5383,31.55,45
5394,31.55,45
5372,31.55,45
5394,31.55,45
5406,31.55,45
5398,7.61,45
5409,65.15,41
5395,51.68,47
5394,51.68,47
5393,28.54,43
5405,28.54,43
5399,28.54,43
5386,28.54,43
5396,13.2,43
5393,13.2,43
5455,13.2,43
5417,93.6,59
5380,78.95,62
5388,78.95,62
5574,78.95,62
5475,200.0,99
5506,150.0,148
5457,142.86,122
5441,142.86,122
5502,157.89,109
5463,44.74,94
5494,125.0,103
5487,115.38,106
5496,48.35,96
0,47.58,77
5481,41.64,62
0,41.64,62
0,41.64,62
5488,41.64,62
0,41.64,62
0,9.14,62
0,88.11,74
0,187.5,120
0,150.0,136
0,150.0,136
0,28.28,96
0,59.94,91
0,59.94,91
5489,59.94,91
5486,59.94,91
5521,59.94,91
5509,59.94,91
0,59.94,91
5518,7.14,91
0,7.14,91
0,24.77,65
0,24.77,65
0,21.41,33
5514,47.58,37
5502,51.68,35
0,150.0,75
0,80.97,83
0,58.77,85
5530,44.74,83
5534,44.74,83
5549,22.54,51
5542,50.8,43
5542,42.22,39
5533,42.22,39
5533,42.22,39
5542,42.22,39
5542,13.94,39
5541,13.94,39
5554,24.37,34
5524,56.55,43
5586,56.55,43
5546,176.47,100
5513,150.0,149
5557,142.86,144
5525,59.94,123
5506,166.67,110
5494,150.0,158
5600,130.15,149
5590,136.36,119
5496,166.67,103
5522,130.43,115
5565,130.43,111
5530,150.0,113
5549,62.43,112
5586,166.67,119
5543,150.0,154
5547,45.42,124
0,45.42,124
0,19.72,124
5557,73.08,101
0,73.08,101
5556,130.43,69
5547,78.95,81
5581,51.68,86
5549,51.68,86
5564,24.98,60
5530,52.59,51
5519,49.96,44
5548,50.8,43
5571,57.64,52
5546,51.68,51
5560,51.68,51
5568,27.0,46
5537,46.84,45
5553,42.83,41
5573,54.5,42
5559,57.64,49
5571,57.64,49
5584,57.64,49
5582,57.64,49
5532,136.36,72
5529,53.52,75
5589,53.52,75
5535,30.27,69
5548,41.64,65
5566,56.55,45
5581,103.45,82
5585,103.45,82
5593,24.57,78
5587,56.55,78
5586,166.67,73
5571,49.96,79
5625,149.63,102
5577,125.0,91
5589,59.94,93
0,76.82,75
0,38.94,74
0,63.76,59
5626,120.0,98
0,80.97,102
0,107.14,89
0,56.55,73
0,130.43,87
0,125.0,98
0,90.77,116
0,78.95,114
0,39.42,93
0,35.69,60
0,35.69,60
0,22.04,43
0,43.45,34
5620,66.59,41
0,42.22,43
5656,54.5,51
5660,54.5,51
0,54.5,51
0,15.61,51
0,15.61,51
0,15.61,51
0,15.61,51
5682,12.59,51
5642,46.84,52
5674,47.58,47
5653,47.58,47
5661,24.98,42
5679,24.98,42
5705,23.79,35
5675,68.1,40
5684,46.84,40
5704,51.68,47
5710,53.52,54
5705,53.52,54
5692,53.52,54
5645,16.29,54
5699,107.14,71
5852,61.16,74
6741,61.16,74
6409,166.67,118
6654,200.0,172
6847,200.0,172
6680,23.6,124
6361,74.91,101
6189,74.91,101
6110,21.41,79
6515,187.5,96
6389,48.35,89
8471,43.45,95
18814,43.45,95
426,43.45,95
556,43.45,95
118628,43.45,95
116918,43.45,95
116764,43.45,95
116556,88.24,91
262143,90.77,67
262143,78.84,84
262143,93.75,86
262143,96.62,88
116454,85.71,89
0,78.84,86
116825,115.16,81
116565,83.33,84
116407,49.1,84
116549,96.77,79
116367,90.77,81
116517,96.77,93
0,90.77,81
116730,115.38,87
117010,106.95,108
117038,106.95,108
0,44.74,95
0,30.9,73
11655,30.9,73
0,30.9,73
1995,30.9,73
2996,30.9,73
3785,30.9,73
0,30.9,73
8504,30.9,73
11684,30.9,73
17078,30.9,73
0,30.9,73
45766,30.9,73
44932,30.9,73
0,30.9,73
43888,30.9,73
43370,30.9,73
0,30.9,73
0,30.9,73
42355,30.9,73
42204,30.9,73
0,30.9,73
41780,30.9,73
41719,30.9,73
41594,30.9,73
0,30.9,73
0,30.9,73
41022,30.9,73
40886,30.9,73
40527,30.9,73
40641,30.9,73
40241,30.9,73
40370,30.9,73
0,30.9,73
40014,30.9,73
39914,30.9,73
39827,30.9,73
0,30.9,73
39549,30.9,73
39465,30.9,73
0,30.9,73
0,1.32,73
40252,1.32,73
39663,1.32,73
0,19.09,73
40520,19.09,73
40398,19.09,73
40473,99.83,69
0,99.83,69
0,41.04,53
40075,31.56,50
39969,31.56,50
0,32.22,50
0,40.49,36
40483,39.97,35
41195,124.74,72
39597,124.74,72
39709,124.74,72
39460,24.98,68
39521,40.51,69
39647,80.97,62
39370,85.71,77
39413,85.71,77
38874,85.71,77
38868,85.71,77
38915,14.34,77
38584,14.34,77
38443,14.34,77
38299,14.34,77
37382,14.48,77
37204,14.48,77
37139,14.48,77
37128,19.09,77
36954,71.34,85
36729,65.15,75
37704,42.22,65
37293,42.22,65
37337,42.22,65
37305,42.22,65
37175,42.22,65
37216,42.22,65
37150,42.22,65
37109,42.22,65
37197,42.22,65
37109,42.22,65
37134,42.22,65
36993,42.22,65
0,42.22,65
36863,4.49,65
36855,76.82,60
36776,76.82,60
0,25.39,50
0,38.94,49
36645,38.94,49
36619,38.94,49
36791,38.94,49
36709,38.94,49
36502,38.94,49
36476,38.94,49
36006,38.94,49
2696,7.09,49
9196,7.09,49
497,7.09,49
496,7.09,49
493,7.09,49
497,7.09,49
490,7.09,49
498,7.09,49
0,7.09,49
0,7.09,49
516,5.5,49
506,5.5,49
509,5.5,49
502,5.5,49
511,5.5,49
517,5.5,49
510,5.5,49
516,5.5,49
522,5.5,49
508,5.5,49
923,5.8,49
974,83.22,55
496,83.22,55
554,20.68,41
514,45.42,46
481,80.97,57
21808,40.51,46
541,40.51,46
581,40.51,46
577,40.51,46
577,40.51,46
594,40.51,46
587,40.51,46
595,40.51,46
597,40.51,46
590,6.22,46
604,6.22,46
593,6.22,46
604,6.22,46
610,6.22,46
600,6.22,46
603,6.22,46
602,6.22,46
597,6.22,46
599,6.22,46
0,6.22,46
0,6.22,46
614,6.22,46
623,6.22,46
612,6.22,46
610,6.22,46
614,6.22,46
607,6.22,46
609,6.22,46
611,6.22,46
0,6.22,46
0,6.22,46
627,2.47,46
635,2.47,46
637,2.47,46
622,19.98,46
611,19.98,46
615,19.98,46
617,19.98,46
617,19.98,46
612,19.98,46
603,19.98,46
0,19.98,46
627,19.98,46
0,19.98,46
644,19.98,46
641,19.98,46
654,19.98,46
649,4.28,46
635,4.28,46
641,4.28,46
640,4.28,46
638,4.28,46
630,4.28,46
649,4.28,46
652,4.28,46
645,4.28,46
636,6.26,46
634,6.26,46
640,6.26,46
645,17.84,46
640,17.84,46
648,17.84,46
1413,15.78,46
112954,15.78,46
123270,15.78,46
122560,15.78,46
122282,15.78,46
122300,15.78,46
0,88.11,63
121898,96.77,76
121630,96.77,76
0,96.77,76
121344,14.91,76
4744,96.62,80
0,96.62,80
7346,96.62,80
36095,96.62,80
0,96.62,80
6257,96.62,80
3911,96.62,80
0,96.62,80
1442,96.62,80
0,96.62,80
1349,4.95,80
1319,73.08,88
0,73.08,88
1321,73.08,88
1298,73.08,88
1292,73.08,88
0,73.08,88
1249,8.28,88
1233,8.28,88
1234,8.28,88
0,16.93,88
1292,16.93,88
1270,35.67,75
1265,35.67,75
1259,35.67,75
0,35.67,75
1267,35.67,75
1257,35.67,75
1247,35.67,75
1243,35.67,75
0,35.67,75
1255,35.67,75
1244,35.67,75
1231,35.67,75
1228,35.67,75
0,35.67,75
1253,35.67,75
1228,35.67,75
0,35.67,75
443,35.67,75
431,35.67,75
415,2.81,75
0,2.81,75
445,2.81,75
431,16.47,75
0,16.47,75
3329,35.25,59
10760,35.25,59
9655,35.25,59
8451,35.25,59
134013,35.25,59
137111,35.25,59
136352,35.25,59
0,7.7,59
0,7.7,59
2146,20.11,40
6762,20.11,40
6368,20.11,40
6178,20.11,40
6017,20.11,40
5927,20.11,40
5802,20.11,40
0,20.11,40
5606,20.11,40
0,20.11,40
5475,20.11,40
5416,20.11,40
5321,20.11,40
5311,20.11,40
0,20.11,40
5252,20.11,40
5203,20.11,40
5178,20.11,40
5149,20.11,40
0,20.11,40
5074,2.76,40
5017,2.76,40
4993,21.87,27
5005,21.87,27
0,21.87,27
0,21.87,27
4956,21.87,27
4934,21.87,27
0,21.87,27
0,21.87,27
4891,6.36,27
4869,6.36,27
4862,6.36,27
4875,6.36,27
4831,6.36,27
4815,10.82,27
4792,10.82,27
4789,10.82,27
0,10.82,27
4792,10.82,27
4782,10.82,27
0,10.82,27
4743,10.82,27
4725,6.57,27
0,6.57,27
4714,6.57,27
4707,16.65,27
4697,16.65,27
0,16.65,27
4693,16.65,27
4645,16.65,27
4695,16.65,27
0,16.65,27
4618,8.1,27
4603,36.1,28
4598,36.1,28
0,36.1,28
138608,36.1,28
139997,36.1,28
137979,36.1,28
137503,36.1,28
0,36.1,28
0,36.1,28
134387,36.1,28
138497,36.1,28
140421,36.1,28
196607,36.1,28
134494,4.11,28
0,4.11,28
30723,4.11,28
9909,4.11,28
8428,4.11,28
8082,4.11,28
7887,4.11,28
7752,4.11,28
0,4.11,28
7443,4.11,28
7359,4.11,28
7287,4.11,28
0,4.11,28
7204,4.11,28
7177,4.11,28
7134,4.11,28
0,4.11,28
7079,3.02,28
7062,3.02,28
7007,3.02,28
7000,21.72,24
0,21.72,24
6991,21.72,24
6964,21.72,24
0,21.72,24
0,21.72,24
6916,21.72,24
6797,21.72,24
0,21.72,24
6820,21.72,24
6824,21.72,24
6784,21.72,24
6740,21.72,24
6762,21.72,24
0,21.72,24
0,21.72,24
6724,3.23,24
6718,3.23,24
6707,3.23,24
6684,3.23,24
6701,3.23,24
6654,3.23,24
0,10.12,24
6667,10.12,24
0,10.12,24
6654,10.12,24
6646,10.12,24
6636,10.12,24
6640,10.12,24
6618,10.12,24
6614,10.12,24
6604,10.12,24
0,10.12,24
0,4.94,24
6555,4.94,24
6549,21.1,24
6539,21.1,24
6539,21.1,24
6513,21.1,24
0,21.1,24
0,21.1,24
6669,9.0,24
6652,9.0,24
0,9.0,24
6671,9.0,24
6660,9.0,24
0,9.0,24
0,9.0,24
6652,9.0,24
6641,9.0,24
6644,9.0,24
0,9.0,24
6658,9.0,24
6641,4.32,24
6636,4.32,24
6644,4.32,24
6644,4.32,24
6630,4.32,24
0,4.32,24
6607,8.49,24
6598,8.49,24
6589,8.49,24
0,8.49,24
6601,8.49,24
6594,11.02,24
6599,11.02,24
6616,11.02,24
0,22.2,25
0,22.2,25
6617,22.2,25
6615,22.2,25
6607,22.2,25
0,22.2,25
0,22.2,25
6607,6.95,25
0,6.95,25
6626,6.95,25
6606,16.47,25
6592,16.47,25
0,16.47,25
6623,16.47,25
6598,16.47,25
0,16.47,25
0,16.47,25
6599,16.47,25
6586,16.47,25
0,16.47,25
6605,16.47,25
6598,4.7,25
0,4.7,25
6607,4.7,25
6596,4.7,25
6580,4.7,25
6592,4.7,25
6582,4.7,25
6591,4.7,25
0,4.7,25
6594,4.7,25
6591,4.7,25
6575,4.7,25
6574,4.7,25
0,4.7,25
6594,4.7,25
6590,4.7,25
6585,4.7,25
6566,4.7,25
6568,4.7,25
6577,4.7,25
0,4.7,25
0,4.7,25
6540,4.7,25
6539,2.34,25
6688,2.34,25
6683,28.28,23
0,28.28,23
0,31.88,25
6567,33.3,28
6534,33.3,28
6586,34.05,31
6577,34.05,31
6589,34.05,31
6570,19.21,31
0,19.21,31
0,19.21,31
6587,19.21,31
6563,19.21,31
6531,19.21,31
0,8.95,31
6812,29.38,31
6588,29.38,31
6528,29.38,31
0,23.23,29
6537,23.23,29
6533,23.23,29
6524,23.23,29
6528,23.23,29
0,23.23,29
0,23.23,29
6528,23.23,29
6526,23.23,29
6524,23.23,29
6518,23.23,29
6521,23.23,29
6520,23.23,29
6513,23.23,29
6505,23.23,29
6507,23.23,29
6503,23.23,29
0,23.23,29
6520,3.05,29
6513,3.05,29
6504,20.67,26
6502,20.67,26
6497,20.67,26
0,21.1,23
0,63.76,31
6512,29.97,33
6495,29.97,33
6472,28.01,35
0,28.01,35
6488,28.01,35
6475,18.05,35
0,18.05,35
6472,18.05,35
6465,18.05,35
0,18.05,35
6482,18.05,35
6477,18.05,35
6500,7.33,35
0,7.33,35
6507,7.33,35
6494,7.33,35
6454,7.33,35
0,7.33,35
6485,7.33,35
6476,7.33,35
6475,7.33,35
6471,7.33,35
0,7.33,35
6489,7.33,35
6475,7.33,35
6453,7.33,35
6450,7.33,35
0,7.33,35
6466,7.33,35
6481,7.33,35
6426,7.33,35
0,7.33,35
6490,7.33,35
6410,7.33,35
6426,7.33,35
0,7.33,35
6470,7.33,35
6471,7.33,35
6612,7.33,35
6542,1.95,35
0,103.45,55
0,33.3,48
6368,33.3,48
6379,30.9,48
6362,30.9,48
6390,30.9,48
6361,30.9,48
0,30.9,48
0,30.9,48
6354,30.9,48
6350,30.9,48
6374,30.9,48
6361,30.9,48
6360,30.9,48
6341,30.9,48
0,30.9,48
6397,30.9,48
6565,83.22,62
6385,83.22,62
6583,28.82,43
0,28.82,43
6706,27.49,42
6543,27.49,42
6468,27.49,42
6656,19.72,42
6503,19.72,42
6660,25.62,40
6304,25.62,40
0,33.3,28
0,42.19,31
6651,36.12,34
6673,69.77,74
6720,69.77,74
6521,78.84,86
0,66.67,66
0,42.8,59
6835,57.64,60
6614,39.42,51
6621,39.42,51
0,31.55,42
0,34.86,40
6440,106.95,52
6584,56.55,56
0,73.08,75
6983,73.08,66
6789,73.08,66
0,49.96,57
5862,49.96,57
6292,29.67,46
6296,29.67,46
6307,29.67,46
0,29.67,46
6285,29.67,46
6286,29.67,46
6258,29.67,46
6259,29.67,46
6272,29.67,46
0,29.67,46
6278,29.67,46
6298,5.01,46
6255,5.01,46
0,5.01,46
6264,5.01,46
6236,12.81,46
6260,12.81,46
6236,12.81,46
0,12.81,46
6253,12.81,46
6226,12.81,46
6252,12.81,46
0,12.81,46
0,12.81,46
6229,12.81,46
6219,12.81,46
0,12.81,46
0,12.81,46
6221,12.81,46
6212,12.81,46
6188,12.81,46
0,12.81,46
0,3.04,46
6248,3.04,46
6225,3.04,46
6218,3.04,46
6202,3.04,46
6213,3.04,46
6206,3.04,46
6210,3.04,46
6212,3.04,46
6189,3.04,46
6220,3.04,46
0,3.04,46
6194,4.51,46
6183,63.76,44
0,63.76,44
0,63.76,44
6202,16.47,44
6211,16.47,44
6199,16.47,44
6181,16.47,44
6185,16.47,44
0,16.47,44
6202,16.47,44
6182,16.47,44
6179,16.47,44
0,16.47,44
6202,16.47,44
6188,4.65,44
6178,4.65,44
6165,4.65,44
6140,4.65,44
0,15.45,44
6163,15.45,44
6165,15.45,44
6149,15.45,44
6154,15.45,44
6165,15.45,44
6157,15.45,44
6159,15.45,44
6173,15.45,44
0,15.45,44
6191,15.45,44
6155,4.81,44
6154,4.81,44
6134,4.81,44
6155,4.81,44
6142,4.81,44
6147,4.81,44
6127,4.81,44
6142,4.81,44
6155,4.81,44
6163,4.81,44
6151,5.9,44
6158,59.94,50
6143,59.94,50
6129,59.94,50
6126,59.94,50
0,59.94,50
0,59.94,50
6142,8.51,50
6116,8.51,50
6123,8.51,50
0,8.51,50
0,8.51,50
6116,10.59,50
6128,10.59,50
6130,10.59,50
6114,10.59,50
6137,10.59,50
0,57.64,60
0,57.64,60
6105,6.23,60
6087,6.23,60
6121,6.23,60
6077,6.23,60
6095,6.23,60
6077,6.23,60
0,9.58,60
0,9.58,60
6078,9.58,60
6057,9.58,60
465,9.58,60
884,9.58,60
0,9.58,60
434,65.15,61
444,65.15,61
406,78.95,61
511,78.95,61
25436,33.3,55
170159,33.3,55
166195,27.75,46
529,27.75,46
590,27.75,46
421,27.75,46
409,27.75,46
405,27.75,46
0,8.81,46
386,83.22,55
0,45.42,47
429,45.42,47
417,26.29,45
391,26.29,45
391,26.29,45
424,22.7,44
411,71.34,41
414,71.34,41
419,71.34,41
0,71.34,41
0,71.34,41
455,71.34,41
450,71.34,41
447,71.34,41
442,71.34,41
433,71.34,41
437,71.34,41
440,71.34,41
0,71.34,41
0,71.34,41
467,71.34,41
445,71.34,41
460,71.34,41
468,71.34,41
473,71.34,41
536,2.83,41
514,2.83,41
1310,37.93,39
2070,37.93,39
2748,37.93,39
3409,37.93,39
4078,37.93,39
0,37.93,39
0,37.93,39
7099,37.93,39
11389,37.93,39
12043,37.93,39
11744,37.93,39
12915,4.94,39
28691,4.94,39
16041,4.94,39
18300,4.94,39
11806,4.94,39
11758,4.94,39
11312,4.94,39
16642,7.59,39
10864,7.59,39
10804,7.59,39
0,7.59,39
0,7.59,39
10145,7.59,39
10160,7.59,39
10127,7.59,39
10130,7.59,39
10108,7.59,39
10120,7.59,39
10114,7.59,39
10105,7.59,39
10114,7.59,39
10112,7.59,39
0,7.59,39
0,7.59,39
10117,7.59,39
10109,7.59,39
10103,7.59,39
10107,7.59,39
0,7.59,39
0,7.59,39
10102,7.59,39
10096,7.59,39
10094,7.59,39
10101,7.59,39
0,7.59,39
0,7.59,39
10102,1.87,39
10089,1.87,39
10084,1.87,39
10091,1.87,39
0,1.87,39
0,1.87,39
29986,1.87,39
21960,1.87,39
19183,1.87,39
20290,1.87,39
19394,1.87,39
0,4.84,39
0,4.84,39
18617,4.84,39
18559,4.84,39
26579,13.5,39
25459,13.5,39
14317,13.5,39
12237,13.5,39
11054,13.5,39
10508,13.5,39
10765,13.5,39
8253,13.5,39
8246,13.5,39
8247,13.5,39
8247,13.5,39
8242,13.5,39
8252,13.5,39
8247,13.5,39
8247,13.5,39
8244,13.5,39
8240,13.5,39
8247,13.5,39
8250,13.5,39
8254,13.5,39
8250,13.5,39
0,13.5,39
0,13.5,39
8268,13.5,39
8265,13.5,39
8260,13.5,39
8252,13.5,39
8647,13.5,39
7386,13.5,39
7277,13.5,39
7068,1.88,39
7369,110.91,60
7234,110.91,60
6718,30.58,62
0,166.67,92
0,65.15,81
7199,30.27,81
7185,30.27,81
7180,30.27,81
7185,30.27,81
7186,30.27,81
7183,12.13,81
7177,12.13,81
7174,12.13,81
0,12.13,81
7195,12.13,81
7182,12.13,81
7180,12.13,81
7178,12.13,81
7178,12.13,81
7183,12.13,81
0,12.13,81
0,12.13,81
7189,12.13,81
7196,12.13,81
7180,12.13,81
7191,12.13,81
7187,12.13,81
7182,12.13,81
7191,12.13,81
7198,12.13,81
7190,12.13,81
7182,12.13,81
7185,12.13,81
7188,12.13,81
7170,12.13,81
0,12.13,81
7196,12.13,81
7196,12.13,81
7181,12.13,81
0,12.13,81
0,12.13,81
7200,12.13,81
7190,12.13,81
7194,12.13,81
7174,12.13,81
7176,12.13,81
7190,12.13,81
7193,12.13,81
7177,12.13,81
0,12.13,81
7201,12.13,81
7184,12.13,81
7178,12.13,81
0,12.13,81
7202,12.13,81
7190,12.13,81
7174,12.13,81
0,12.13,81
0,12.13,81
7197,12.13,81
7184,12.13,81
7200,12.13,81
7185,12.13,81
7182,12.13,81
7185,12.13,81
7181,12.13,81
7177,12.13,81
7184,12.13,81
7182,12.13,81
7178,12.13,81
7180,12.13,81
7181,12.13,81
10354,12.13,81
0,12.13,81
0,12.13,81
9942,12.13,81
9923,12.13,81
0,12.13,81
0,12.13,81
9944,0.79,81
9938,0.79,81
9933,0.79,81
9907,0.79,81
9925,15.29,81
0,15.29,81
9944,15.29,81
9934,15.29,81
9920,15.29,81
0,15.29,81
0,15.29,81
9926,15.29,81
0,15.29,81
9944,15.29,81
9945,15.29,81
9927,15.29,81
9926,15.29,81
9924,15.29,81
0,15.29,81
0,15.29,81
9938,15.29,81
9934,15.29,81
9918,15.29,81
0,15.29,81
0,15.29,81
9923,15.29,81
9921,15.29,81
0,15.29,81
9947,15.29,81
9921,15.29,81
9932,15.29,81
9923,15.29,81
9920,15.29,81
0,15.29,81
9941,15.29,81
9921,15.29,81
9920,15.29,81
0,15.29,81
9924,15.29,81
9947,15.29,81
9931,15.29,81
9922,15.29,81
9925,15.29,81
0,15.29,81
9942,15.29,81
9930,1.28,81
0,1.28,81
9956,1.28,81
9930,1.28,81
0,1.28,81
9964,1.28,81
9942,1.28,81
0,1.28,81
9964,1.28,81
9935,5.71,81
0,5.71,81
0,5.71,81
9931,5.71,81
9930,5.71,81
9932,5.71,81
0,5.71,81
0,7.27,81
9953,58.77,79
9947,58.77,79
9942,58.77,79
9942,58.77,79
0,58.77,79
0,58.77,79
9962,58.77,79
9938,7.46,79
9942,7.46,79
9944,7.46,79
9939,7.46,79
9944,7.46,79
9932,7.46,79
9930,7.46,79
9934,7.46,79
9945,7.46,79
9954,7.46,79
9939,5.6,79
9931,5.6,79
9998,5.6,79
9700,5.6,79
9657,15.69,79
0,15.69,79
0,27.5,45
9662,27.5,45
9655,27.5,45
9659,27.5,45
9650,27.5,45
0,27.5,45
0,27.5,45
9658,27.5,45
9650,27.5,45
9650,27.5,45
9644,27.5,45
0,27.5,45
9651,27.5,45
9651,27.5,45
0,27.5,45
9664,3.51,45
9639,3.51,45
0,3.51,45
9657,3.51,45
9640,3.51,45
9636,3.51,45
6088,3.51,45
0,3.51,45
6045,5.98,45
6148,5.98,45
6143,5.98,45
0,22.2,34
6157,22.2,34
6361,22.2,34
6196,22.2,34
0,14.0,34
6221,14.0,34
6204,21.1,32
6200,21.1,32
6583,34.44,26
6286,34.44,26
6459,125.0,51
6513,41.04,56
0,41.04,56
6468,83.22,72
6583,83.22,72
6558,35.67,49
0,50.8,51
6573,50.8,51
6558,50.8,51
6553,50.8,51
6549,50.8,51
0,50.8,51
6565,50.8,51
6553,50.8,51
6556,50.8,51
0,50.8,51
6568,50.8,51
6556,50.8,51
6552,50.8,51
0,50.8,51
6573,50.8,51
6556,50.8,51
6557,50.8,51
0,50.8,51
0,50.8,51
6560,2.72,51
6554,2.72,51
0,2.72,51
6567,2.72,51
6553,13.14,51
6557,13.14,51
0,13.14,51
6567,13.14,51
6553,13.14,51
0,13.14,51
6572,13.14,51
6561,13.14,51
0,13.14,51
6571,13.14,51
6563,5.24,51
6551,5.24,51
0,5.24,51
6574,5.24,51
6560,5.24,51
6561,5.24,51
0,5.24,51
6778,7.38,51
6518,7.38,51
6510,32.57,50
0,32.57,50
6538,21.56,34
6532,21.56,34
6537,21.56,34
0,21.56,34
6541,21.56,34
6508,21.56,34
6523,21.56,34
0,21.56,34
6533,21.56,34
6533,21.56,34
0,21.56,34
6529,4.86,34
6513,4.86,34
6672,4.86,34
0,4.86,34
6679,13.81,34
0,13.81,34
6375,13.81,34
6305,13.81,34
0,13.75,34
6474,68.1,42
6443,68.1,42
0,68.1,42
6465,68.1,42
6449,68.1,42
6449,68.1,42
0,68.1,42
6465,68.1,42
6466,68.1,42
6448,68.1,42
6448,68.1,42
0,68.1,42
6467,68.1,42
6454,3.92,42
6446,3.92,42
6445,3.92,42
6448,3.92,42
0,3.92,42
6458,3.92,42
6451,3.92,42
6443,3.92,42
0,3.92,42
0,3.92,42
6469,5.29,42
6457,5.29,42
6454,5.29,42
6451,5.29,42
6442,5.29,42
0,5.29,42
6460,5.29,42
6449,5.29,42
6445,5.29,42
0,5.29,42
6471,5.29,42
8350,5.29,42
11024,5.29,42
11015,5.29,42
0,5.29,42
0,5.29,42
20808,5.29,42
21025,5.29,42
14083,5.29,42
13674,2.88,42
0,2.88,42
13686,30.58,37
13123,30.58,37
13691,30.58,37
0,30.58,37
15078,30.58,37
15153,30.58,37
15162,30.58,37
0,30.58,37
0,30.58,37
15189,30.58,37
15183,30.58,37
0,30.58,37
15193,30.58,37
15217,3.9,37
15207,3.9,37
15204,3.9,37
15255,3.9,37
0,3.9,37
15250,3.9,37
15247,3.9,37
15255,3.9,37
15256,3.9,37
0,3.9,37
15272,3.9,37
15263,3.9,37
15260,3.9,37
15271,3.9,37
0,3.9,37
15238,3.9,37
15268,3.55,37
15246,3.55,37
15252,3.55,37
0,3.55,37
0,3.55,37
15272,3.55,37
15272,3.55,37
15257,3.55,37
15249,3.55,37
15253,3.55,37
0,3.55,37
0,3.55,37
15272,4.22,37
15267,4.22,37
15256,4.22,37
15257,4.22,37
15286,4.22,37
0,10.74,37
24529,10.74,37
24648,10.74,37
24718,18.62,37
24553,46.08,41
24399,46.08,41
24376,37.48,45
24887,50.8,40
0,50.8,40
0,50.8,40
28591,50.8,40
28636,12.81,40
28655,85.59,54
28662,42.83,53
0,38.41,53
28774,71.34,59
28753,71.34,59
28757,71.34,59
28699,71.34,59
0,71.34,59
0,68.1,54
28714,68.1,54
28692,36.54,53
28653,66.59,60
0,29.67,49
0,375.0,49
28562,29.38,40
28621,69.69,48
28551,50.8,44
28542,50.8,44
28621,29.38,44
28574,80.97,57
28678,80.97,57
28567,80.97,57
28572,80.97,57
367,80.97,57
84284,80.97,57
133166,80.97,57
134940,80.97,57
0,80.97,57
133213,80.97,57
132245,80.97,57
132016,4.87,57
0,41.07,50
131378,76.82,56
131008,76.82,56
130335,76.82,56
0,76.82,56
129328,76.82,56
128636,11.61,56
0,11.61,56
657,11.61,56
2777,11.61,56
0,11.61,56
4000,9.79,56
3810,9.79,56
0,9.79,56
3184,9.79,56
3598,14.07,56
0,14.07,56
3477,14.07,56
3442,15.77,56
0,69.69,66
3437,69.69,66
3409,69.69,66
0,69.69,66
3419,69.69,66
3410,69.69,66
0,69.69,66
3415,69.69,66
3408,69.69,66
0,69.69,66
0,69.69,66
3407,69.69,66
3409,69.69,66
3404,69.69,66
3421,69.69,66
3409,69.69,66
0,69.69,66
3423,3.01,66
3402,3.01,66
3399,3.01,66
3455,22.53,52
3417,22.53,52
0,120.0,59
4328,78.84,75
4155,65.15,85
0,136.05,89
3953,32.93,77
3872,32.93,77
3922,33.3,66
3899,31.55,58
4168,62.43,39
0,62.43,39
3861,62.43,39
3845,17.22,39
3808,17.22,39
0,17.22,39
3830,17.22,39
3809,17.22,39
0,17.22,39
3822,17.22,39
3816,17.22,39
3804,17.22,39
0,17.22,39
3819,17.22,39
3801,17.22,39
0,17.22,39
3822,17.22,39
3808,17.22,39
0,17.22,39
3821,17.22,39
3802,17.22,39
0,17.22,39
3816,17.22,39
3813,17.22,39
3795,17.22,39
0,17.22,39
0,17.22,39
3813,2.17,39
3808,2.17,39
3803,2.17,39
0,2.17,39
3819,2.17,39
3808,2.17,39
3803,2.17,39
0,2.17,39
3822,2.17,39
3806,2.17,39
0,2.17,39
3819,2.17,39
3806,2.17,39
0,2.17,39
3815,2.17,39
3823,2.17,39
3800,2.17,39
0,2.17,39
3818,2.17,39
3807,2.17,39
0,2.17,39
3813,2.17,39
3805,2.17,39
0,2.17,39
3821,2.17,39
3846,2.17,39
3505,2.17,39
0,2.17,39
3472,1.93,39
3434,32.61,39
3455,46.08,42
0,46.08,42
3285,24.98,41
3237,78.84,45
3211,41.61,47
0,41.61,47
3212,37.48,45
3191,34.84,47
3188,34.84,47
3187,34.84,47
0,34.84,47
3212,34.84,47
3199,34.84,47
3196,34.84,47
0,34.84,47
0,34.84,47
3209,34.84,47
3206,34.84,47
3199,34.84,47
3191,34.84,47
0,34.84,47
3212,34.84,47
3203,34.84,47
3195,34.84,47
3204,34.84,47
0,34.84,47
3201,34.84,47
3197,34.84,47
4037,34.84,47
0,34.84,47
467,34.84,47
0,34.84,47
532,34.84,47
995,34.84,47
0,34.84,47
985,34.84,47
970,34.84,47
0,34.84,47
827,34.84,47
776,34.84,47
0,1.5,47
9083,1.5,47
21139,1.5,47
96101,1.5,47
114626,1.5,47
117086,1.5,47
125346,1.5,47
0,1.5,47
11440,1.5,47
13484,1.5,47
0,4.95,47
13558,59.94,42
13366,59.94,42
0,21.41,37
13434,136.36,93
13302,136.36,93
0,28.26,85
13320,230.77,117
13215,38.41,93
13271,85.71,107
0,85.71,107
13200,31.88,96
13202,30.88,46
0,30.88,46
13392,26.76,43
13199,26.76,43
0,166.67,63
13126,176.47,114
13218,176.47,146
0,176.47,146
13232,24.97,131
13159,157.48,101
0,248.96,132
13191,248.96,132
13181,25.84,126
0,166.67,104
13256,166.67,104
13210,166.67,104
13212,20.25,103
0,20.25,103
15010,20.25,103
15674,20.24,84
0,20.24,84
14549,20.24,84
15423,18.27,84
13653,18.27,84
13852,18.27,84
14334,18.27,84
0,18.27,84
13582,18.27,84
0,8.35,84
15014,36.99,60
0,36.99,60
16616,36.99,60
13962,36.99,60
0,36.99,60
13543,10.74,60
13624,59.94,33
13327,59.94,33
12928,34.05,37
13948,44.05,43
13685,32.57,42
0,32.57,42
13198,157.89,66
0,46.08,67
13651,46.08,67
13511,35.67,68
0,175.95,114
13212,47.58,117
0,41.61,112
0,200.0,113
12897,49.1,114
0,76.82,122
12863,103.45,69
0,119.76,91
12530,119.76,91
12912,22.53,84
0,44.71,69
14034,63.69,62
0,63.69,62
0,63.69,62
16871,18.84,62
0,120.0,93
16551,119.76,107
16524,88.11,106
0,120.0,102
16350,120.0,102
0,142.86,119
0,142.86,119
16537,24.36,95
0,62.37,100
16499,62.37,100
0,33.67,65
16626,41.61,40
0,41.61,40
16623,24.36,40
16496,124.74,55
16509,124.74,55
16512,25.61,53
16446,57.58,57
0,51.68,64
16589,38.41,42
0,44.05,47
16606,56.55,47
16574,48.31,46
0,53.52,50
16598,49.1,51
0,54.5,51
16634,58.77,53
16630,41.61,50
16687,41.61,50
16679,52.54,51
0,28.54,44
8313,28.54,44
0,28.54,44
0,28.54,44
12161,28.54,44
11957,10.3,44
11687,66.59,46
0,199.34,86
11164,32.22,81
11110,32.22,81
11174,103.45,93
11338,41.61,53
0,41.61,53
10827,37.9,54
12600,42.83,55
0,42.83,55
12268,19.83,55
0,19.83,55
11427,19.83,55
11395,124.74,56
0,124.74,56
10892,29.96,54
0,333.33,64
0,333.33,64
11677,333.33,64
11635,14.0,64
0,41.04,69
11708,41.04,69
11627,41.04,69
0,19.58,69
11558,19.58,69
0,26.75,44
0,26.75,44
11623,26.04,44
0,136.05,58
0,55.45,65
11729,175.95,121
0,55.5,101
0,88.11,90
11883,85.59,67
0,41.61,64
0,42.19,64
11681,42.19,64
0,46.08,53
12000,44.05,43
11222,62.43,55
1909,62.43,55
0,62.43,55
1497,18.61,55
0,78.84,63
1503,58.77,67
1495,55.45,63
0,55.45,63
1431,28.54,54
0,36.97,44
0,46.12,41
1517,38.41,37
0,49.1,42
1524,71.34,51
1533,142.52,84
0,74.91,88
1515,115.16,99
1539,130.15,96
0,71.34,84
1494,71.34,84
0,28.53,74
1412,149.63,79
0,51.68,74
1419,69.69,85
0,69.69,85
1412,69.69,85
0,69.69,85
0,15.06,85
1421,15.06,85
0,15.06,85
1423,15.06,85
0,15.06,85
1413,15.06,85
0,15.06,85
1439,15.06,85
0,15.06,85
1447,15.06,85
0,15.06,85
1411,4.6,85
0,43.42,78
1404,40.49,50
0,83.22,60
1430,83.22,60
1401,83.22,60
0,83.22,60
1390,14.27,60
0,43.42,60
1395,63.76,66
0,63.76,66
1365,111.11,62
0,111.11,62
1366,111.11,62
0,111.11,62
1370,111.11,62
0,11.02,62
1416,11.02,62
0,22.69,57
1409,22.69,57
1414,24.16,47
1414,24.16,47
0,44.71,50
1388,49.92,34
0,42.83,39
0,38.41,43
1387,38.41,43
1365,38.41,43
0,38.41,43
0,38.41,43
1377,38.41,43
0,38.41,43
1827,7.84,43
1689,35.25,41
0,78.84,57
1649,78.84,57
0,78.84,57
1625,18.96,57
0,74.91,66
1675,36.1,67
0,36.1,67
1682,36.1,67
0,36.1,67
1711,13.03,67
1707,13.03,67
0,36.1,56
1680,39.95,46
1704,39.95,46
1696,39.95,46
0,39.95,46
1704,39.95,46
1696,39.95,46
0,39.95,46
1687,39.95,46
0,39.95,46
1332,39.95,46
1493,5.26,46
0,38.91,37
1504,38.91,37
1485,38.91,37
1473,38.91,37
0,38.91,37
1491,38.91,37
1480,38.91,37
0,38.91,37
1497,38.91,37
1477,38.91,37
0,38.91,37
1507,38.91,37
1486,38.91,37
0,38.91,37
1504,38.91,37
1489,38.91,37
0,38.91,37
1491,38.91,37
0,38.91,37
1502,38.91,37
1500,38.91,37
0,38.91,37
1505,38.91,37
1490,38.91,37
0,38.91,37
1500,38.91,37
1491,38.91,37
0,38.91,37
1427,142.86,63
1459,80.97,74
0,80.97,74
1527,24.76,71
1513,61.16,76
1503,61.16,76
0,61.16,76
1521,17.22,76
0,17.22,76
1594,22.87,46
1595,22.87,46
0,35.25,35
1489,35.25,35
1504,22.03,35
1471,22.03,35
1496,26.51,26
1465,26.51,26
0,26.51,26
1490,26.51,26
0,26.51,26
1488,11.61,26
1469,11.61,26
0,18.96,26
1488,18.96,26
0,18.96,26
1480,18.96,26
0,15.06,26
1492,15.06,26
1455,15.06,26
0,15.6,26
1503,15.6,26
1490,15.6,26
1486,20.53,25
0,20.53,25
1542,33.67,25
1529,33.67,25
1522,33.67,25
1536,33.67,25
1519,33.67,25
0,33.67,25
1536,33.67,25
1526,33.67,25
0,33.67,25
1501,5.65,25
1468,5.65,25
0,5.65,25
1466,5.65,25
0,11.48,25
1496,63.76,35
0,63.76,35
1498,63.76,35
0,63.76,35
1519,63.76,35
1495,63.76,35
0,63.76,35
1508,63.76,35
0,63.76,35
1525,5.98,35
1512,5.98,35
1510,26.28,35
1546,40.51,40
1496,40.51,40
0,21.87,37
1477,21.87,37
1467,21.87,37
0,21.87,37
1468,21.87,37
1457,21.87,37
0,21.87,37
1474,21.87,37
1461,21.87,37
1777,21.87,37
1293,21.87,37
0,5.26,37
1608,69.69,39
1617,69.69,39
0,26.06,39
1628,26.06,39
1612,26.06,39
0,26.06,39
1623,26.06,39
0,26.06,39
1628,26.06,39
1598,26.06,39
1623,26.06,39
1625,26.06,39
1682,26.06,39
0,4.8,39
1521,42.8,39
1446,61.16,49
0,119.76,70
1510,48.35,71
0,76.82,19
126658,71.26,51
0,71.34,68
126261,71.34,68
0,74.91,62
0,0.0,0
129178,80.97,68
129114,50.8,72
128277,50.8,72
0,93.6,62
128612,63.76,57
128825,80.97,65
0,66.52,75
128308,36.99,61
0,73.08,63
129323,73.08,63
129127,61.16,48
128755,61.16,48
128836,38.39,49
0,96.77,68
0,59.94,78
128709,93.6,81
129224,69.69,77
129557,69.69,77
130514,32.91,71
129265,32.91,71
130091,32.91,71
130389,32.91,71
0,32.91,71
129193,69.69,65
0,85.59,63
129025,78.84,75
129102,61.16,73
0,65.15,72
128937,88.11,74
0,76.82,78
127522,28.53,64
0,58.77,62
128695,58.77,62
0,58.77,62
128699,18.27,62
0,136.05,76
0,136.05,76
129326,85.59,83
129409,85.71,83
129464,83.22,70
0,50.8,71
129450,80.97,70
129625,106.95,76
129596,54.45,72
128688,80.97,79
128378,80.97,79
128968,29.66,59
129303,43.42,57
129219,43.42,57
0,27.74,44
0,39.42,34
131442,39.42,34
120637,35.23,36
0,69.69,57
123455,69.69,57
0,69.69,57
0,16.93,57
123287,80.97,88
0,80.97,91
0,93.6,85
123420,93.6,87
123112,69.69,83
122994,88.11,86
0,85.59,88
122903,99.83,88
122444,76.82,88
0,76.82,88
0,136.05,83
122026,103.27,85
122083,136.05,110
0,110.91,100
0,90.77,94
122171,85.59,87
122264,83.22,85
0,74.81,82
121709,93.75,85
121842,88.11,87
0,88.11,87
0,22.69,74
121244,119.76,76
121099,96.62,97
0,119.76,99
121297,85.59,95
120804,83.22,93
120886,41.61,74
120585,80.97,72
120492,41.04,61
0,103.27,66
0,49.1,68
131530,49.1,68
0,49.1,68
131021,49.1,68
131855,49.1,68
0,49.1,68
131113,49.1,68
0,49.1,68
130279,49.1,68
130873,49.1,68
0,49.1,68
130561,49.1,68
130373,4.14,68
0,74.91,75
129980,88.24,87
129990,88.11,91
129826,93.6,86
0,85.59,84
130109,90.77,87
130280,83.33,84
130448,90.77,85
0,45.39,74
130046,45.39,74
130223,27.0,61
0,115.38,73
130350,124.74,107
130339,124.74,107
0,124.74,107
129878,103.27,106
129657,93.75,104
0,136.05,101
129096,103.45,97
129325,88.11,99
0,110.91,103
129264,59.94,95
129404,88.11,93
129408,85.59,79
132090,111.11,92
10882,111.11,92
0,56.55,84
129471,88.24,85
129276,88.24,85
128903,88.24,85
128423,130.43,96
128353,130.43,96
127533,39.42,78
128740,50.8,76
129405,78.95,58
129384,76.82,68
130394,46.84,67
125530,46.84,67
127104,29.37,57
126784,29.37,57
123893,37.95,47
125569,37.95,47
0,37.95,47
127297,15.29,47
128264,15.29,47
128574,15.29,47
0,15.29,47
128471,15.29,47
127796,15.29,47
127055,130.43,60
0,130.43,60
126194,175.95,106
0,46.12,108
126483,88.11,98
0,88.11,98
127297,27.49,84
0,93.6,73
0,99.83,90
128105,90.77,91
0,29.97,75
126750,29.97,75
0,29.97,75
125999,93.6,58
126878,166.67,89
0,46.08,95
127964,88.11,94
127712,90.77,77
127720,88.11,89
127816,103.45,93
127570,99.83,95
127567,106.95,98
126913,85.59,94
127604,99.83,98
127683,93.75,98
0,96.62,98
127789,103.27,104
125486,103.27,104
0,23.78,85
0,115.16,82
126099,115.16,105
125477,115.16,105
125323,111.11,93
125165,115.38,93
0,106.95,103
0,93.75,96
125935,107.14,97
125067,107.14,97
0,32.21,81
0,30.26,65
123271,90.77,65
123097,103.27,99
0,142.52,107
0,142.52,107
125181,142.52,107
0,142.52,107
0,93.6,111
122494,110.91,100
122906,103.27,99
122846,96.62,101
122745,99.83,96
123046,85.59,89
0,93.75,87
0,90.77,94
0,88.11,93
121792,88.11,93
121306,110.91,79
0,80.97,77
0,80.97,78
119541,90.77,73
120493,78.84,72
0,28.8,69
0,39.95,58
120813,39.95,58
120741,31.2,44
0,78.84,58
0,88.11,86
122047,90.77,87
122758,42.19,78
122589,74.91,73
123236,85.59,68
122856,88.11,79
122480,88.11,83
0,111.11,89
0,85.59,87
120981,110.91,90
122116,90.77,92
121631,88.11,94
0,90.77,89
0,88.11,87
121901,85.59,85
0,85.59,85
0,38.91,72
121625,110.91,79
121477,90.77,82
121000,83.45,95
121554,83.22,92
0,71.34,77
123398,71.34,77
123004,32.56,65
116886,32.56,65
114915,32.56,65
0,16.74,65
115622,83.33,65
115426,80.97,67
0,85.59,79
114286,69.69,77
109984,69.69,77
0,69.69,77
0,15.44,77
113635,69.69,74
113833,83.22,75
128728,78.84,77
129708,90.91,79
0,33.67,68
128647,76.82,69
129131,80.97,70
128881,80.97,70
0,80.97,73
128590,83.22,71
128845,93.6,82
127895,68.1,79
128349,85.71,79
0,63.76,76
128293,96.62,83
127143,81.08,84
0,99.83,88
126621,76.82,82
0,96.62,87
127311,71.34,83
126481,74.91,82
0,78.84,77
126203,83.22,80
125671,107.14,89
126072,66.59,86
126543,80.97,86
0,85.71,81
126333,78.84,78
125658,68.03,75
0,93.6,81
125713,120.0,92
125658,110.91,98
0,88.11,100
126529,78.95,84
125884,88.11,86
0,85.59,82
125946,88.11,85
0,83.22,82
125993,71.34,79
124265,78.84,78
123873,90.77,82
123170,85.59,87
123460,85.59,85
123366,73.08,79
122925,80.97,79
122658,88.11,80
122254,80.97,79
122474,88.11,84
122241,99.83,90
121808,90.91,88
122314,85.59,90
122102,83.22,86
122407,85.59,85
122451,78.74,82
122409,80.97,80
122100,80.97,79
122222,71.34,77
122063,74.91,77
121983,88.11,80
121640,85.59,84
121176,88.11,82
121054,83.22,80
121294,78.84,78
120212,80.97,82
119974,83.22,81
120353,80.97,80
120197,83.22,81
120240,78.84,79
120502,87.98,82
120136,83.22,82
124500,57.64,77
123296,88.11,77
124543,27.49,63
124061,96.62,67
124749,99.83,78
125559,90.77,91
124183,36.1,75
124006,88.11,59
124036,90.77,91
123609,90.91,88
124032,99.83,91
123510,93.6,80
123120,124.74,96
122911,110.91,88
123703,93.6,83
123153,83.22,83
123663,85.59,81
123114,40.49,71
123109,119.76,82
122903,68.1,78
122053,68.1,78
121708,63.69,83
121481,31.22,70
120983,90.77,63
120846,142.86,76
114181,142.86,76
118024,142.86,76
65498,142.86,76
124426,119.76,60
124907,142.52,126
124795,130.15,113
124087,150.0,132
124372,93.75,113
123876,142.86,136
123489,125.0,134
123559,136.05,130
124099,142.52,138
123915,136.36,136
123530,130.43,134
123835,136.36,128
123315,130.15,129
122980,125.0,125
123549,124.74,129
123250,130.15,128
123979,125.0,124
122964,136.05,128
121187,119.76,118
121856,110.91,116
121577,136.36,120
121546,124.74,123
121265,130.43,118
122219,58.71,110
122481,130.15,122
121690,119.76,123
121609,166.67,118
122495,130.43,122
119822,38.41,108
120610,24.96,80
120163,31.86,52
120123,115.16,111
120653,110.91,60
120849,119.76,116
120800,115.16,118
120209,65.15,83
51681,136.36,122
120562,115.16,135
120227,125.0,124
119983,120.0,119
120211,119.76,122
120063,115.38,110
119482,110.91,108
119447,110.91,118
131071,120.0,110
262143,115.16,122
262143,110.91,109
262143,106.95,108
262143,110.91,117
262143,115.16,109
262143,107.14,110
119743,110.91,103
120691,110.91,108
119714,107.14,111
119719,119.76,123
119754,106.95,114
119649,149.63,105
119836,41.58,70
119806,99.83,92
262143,42.19,92
262143,26.99,72
119990,42.8,58
121374,32.66,33
121139,9.02,33
119963,39.47,37
119977,8.39,37
120652,8.39,37
262143,45.39,37
127611,136.36,60
262143,103.27,94
262143,130.15,116
262143,88.11,97
127600,124.74,90
